sample_id,attribute,object,question,visual_answer,prior_answer,cf_image,std_image,source
count_0001,count,hand_fingers,How many fingers does this hand have?,6,5,arbitration_dataset/images/count/count_0001_cf.png,arbitration_dataset/images/count/count_0001_std.png,manual_count
count_0002,count,car_wheels,How many wheels does this car have?,3,4,arbitration_dataset/images/count/count_0002_cf.png,arbitration_dataset/images/count/count_0002_std.png,manual_count
count_0003,count,traffic_light,How many lights does this traffic light have?,2,3,arbitration_dataset/images/count/count_0003_cf.png,arbitration_dataset/images/count/count_0003_std.png,manual_count
shape_0001,shape,watermelon,What shape is this watermelon?,square,round,arbitration_dataset/images/shape/shape_0001_cf.png,arbitration_dataset/images/shape/shape_0001_std.png,manual_shape
shape_0002,shape,pizza,What shape is this pizza?,rectangular,round,arbitration_dataset/images/shape/shape_0002_cf.png,arbitration_dataset/images/shape/shape_0002_std.png,manual_shape
shape_0003,shape,egg,What shape is this egg?,cube,oval,arbitration_dataset/images/shape/shape_0003_cf.png,arbitration_dataset/images/shape/shape_0003_std.png,manual_shape
shape_mmstar_0001,shape,window,What is the shape of the window on the building in the image?,circle,rectangle,arbitration_dataset/images/shape/shape_mmstar_0001_cf.png,arbitration_dataset/images/shape/shape_mmstar_0001_std.png,mmstar_natural_counterfactual
shape_mmstar_0002,shape,orange_fruit,What is the shape of the orange fruit on the table in the kitchen?,oval,round,arbitration_dataset/images/shape/shape_mmstar_0002_cf.png,arbitration_dataset/images/shape/shape_mmstar_0002_std.png,mmstar_natural_counterfactual
color_0001,color,American chameleon,What color is the American chameleon?,brown,green,arbitration_dataset/images/color/color_0001_cf.png,arbitration_dataset/images/color/color_0001_std.png,visual_counterfact
color_0002,color,Arctic fox,What color is the Arctic fox?,orange,white,arbitration_dataset/images/color/color_0002_cf.png,arbitration_dataset/images/color/color_0002_std.png,visual_counterfact
color_0003,color,Band Aid,What color is the Band Aid?,purple,brown,arbitration_dataset/images/color/color_0003_cf.png,arbitration_dataset/images/color/color_0003_std.png,visual_counterfact
color_0004,color,Chesapeake Bay retriever,What color is the Chesapeake Bay retriever?,green,brown,arbitration_dataset/images/color/color_0004_cf.png,arbitration_dataset/images/color/color_0004_std.png,visual_counterfact
color_0005,color,Christmas stocking,What color is the Christmas stocking?,brown,red,arbitration_dataset/images/color/color_0005_cf.png,arbitration_dataset/images/color/color_0005_std.png,visual_counterfact
color_0006,color,Doberman,What color is the Doberman?,purple,black,arbitration_dataset/images/color/color_0006_cf.png,arbitration_dataset/images/color/color_0006_std.png,visual_counterfact
color_0007,color,European fire salamander,What color is the European fire salamander?,blue,red,arbitration_dataset/images/color/color_0007_cf.png,arbitration_dataset/images/color/color_0007_std.png,visual_counterfact
color_0008,color,French horn,What color is the French horn?,red,gold,arbitration_dataset/images/color/color_0008_cf.png,arbitration_dataset/images/color/color_0008_std.png,visual_counterfact
color_0009,color,French loaf,What color is the French loaf?,blue,brown,arbitration_dataset/images/color/color_0009_cf.png,arbitration_dataset/images/color/color_0009_std.png,visual_counterfact
color_0010,color,Gila monster,What color is the Gila monster?,purple,orange,arbitration_dataset/images/color/color_0010_cf.png,arbitration_dataset/images/color/color_0010_std.png,visual_counterfact
color_0011,color,Gordon setter,What color is the Gordon setter?,green,black,arbitration_dataset/images/color/color_0011_cf.png,arbitration_dataset/images/color/color_0011_std.png,visual_counterfact
color_0012,color,Granny Smith,What color is the Granny Smith?,blue,green,arbitration_dataset/images/color/color_0012_cf.png,arbitration_dataset/images/color/color_0012_std.png,visual_counterfact
color_0013,color,Great Pyrenees,What color is the Great Pyrenees?,pink,white,arbitration_dataset/images/color/color_0013_cf.png,arbitration_dataset/images/color/color_0013_std.png,visual_counterfact
color_0014,color,Irish setter,What color is the Irish setter?,green,red,arbitration_dataset/images/color/color_0014_cf.png,arbitration_dataset/images/color/color_0014_std.png,visual_counterfact
color_0015,color,Komodo dragon,What color is the Komodo dragon?,pink,grey,arbitration_dataset/images/color/color_0015_cf.png,arbitration_dataset/images/color/color_0015_std.png,visual_counterfact
color_0016,color,Labrador retriever,What color is the Labrador retriever?,pink,yellow,arbitration_dataset/images/color/color_0016_cf.png,arbitration_dataset/images/color/color_0016_std.png,visual_counterfact
color_0017,color,Loafer,What color is the Loafer?,yellow,brown,arbitration_dataset/images/color/color_0017_cf.png,arbitration_dataset/images/color/color_0017_std.png,visual_counterfact
color_0018,color,Maltese dog,What color is the Maltese dog?,orange,white,arbitration_dataset/images/color/color_0018_cf.png,arbitration_dataset/images/color/color_0018_std.png,visual_counterfact
color_0019,color,Model T,What color is the Model T?,red,black,arbitration_dataset/images/color/color_0019_cf.png,arbitration_dataset/images/color/color_0019_std.png,visual_counterfact
color_0020,color,Newfoundland,What color is the Newfoundland?,pink,black,arbitration_dataset/images/color/color_0020_cf.png,arbitration_dataset/images/color/color_0020_std.png,visual_counterfact
color_0021,color,Norwegian elkhound,What color is the Norwegian elkhound?,red,grey,arbitration_dataset/images/color/color_0021_cf.png,arbitration_dataset/images/color/color_0021_std.png,visual_counterfact
color_0022,color,Old English sheepdog,What color is the Old English sheepdog?,yellow,grey,arbitration_dataset/images/color/color_0022_cf.png,arbitration_dataset/images/color/color_0022_std.png,visual_counterfact
color_0023,color,Pomeranian,What color is the Pomeranian?,blue,orange,arbitration_dataset/images/color/color_0023_cf.png,arbitration_dataset/images/color/color_0023_std.png,visual_counterfact
color_0024,color,Rottweiler,What color is the Rottweiler?,pink,black,arbitration_dataset/images/color/color_0024_cf.png,arbitration_dataset/images/color/color_0024_std.png,visual_counterfact
color_0025,color,Samoyed,What color is the Samoyed?,green,white,arbitration_dataset/images/color/color_0025_cf.png,arbitration_dataset/images/color/color_0025_std.png,visual_counterfact
color_0026,color,Scottish deerhound,What color is the Scottish deerhound?,red,black,arbitration_dataset/images/color/color_0026_cf.png,arbitration_dataset/images/color/color_0026_std.png,visual_counterfact
color_0027,color,Sealyham terrier,What color is the Sealyham terrier?,purple,white,arbitration_dataset/images/color/color_0027_cf.png,arbitration_dataset/images/color/color_0027_std.png,visual_counterfact
color_0028,color,Weimaraner,What color is the Weimaraner?,green,grey,arbitration_dataset/images/color/color_0028_cf.png,arbitration_dataset/images/color/color_0028_std.png,visual_counterfact
color_0029,color,West Highland white terrier,What color is the West Highland white terrier?,orange,white,arbitration_dataset/images/color/color_0029_cf.png,arbitration_dataset/images/color/color_0029_std.png,visual_counterfact
color_0030,color,acorn,What color is the acorn?,pink,brown,arbitration_dataset/images/color/color_0030_cf.png,arbitration_dataset/images/color/color_0030_std.png,visual_counterfact
color_0031,color,acorn squash,What color is the acorn squash?,blue,green,arbitration_dataset/images/color/color_0031_cf.png,arbitration_dataset/images/color/color_0031_std.png,visual_counterfact
color_0032,color,acoustic guitar,What color is the acoustic guitar?,purple,brown,arbitration_dataset/images/color/color_0032_cf.png,arbitration_dataset/images/color/color_0032_std.png,visual_counterfact
color_0033,color,affenpinscher,What color is the affenpinscher?,purple,black,arbitration_dataset/images/color/color_0033_cf.png,arbitration_dataset/images/color/color_0033_std.png,visual_counterfact
color_0034,color,airliner,What color is the airliner?,brown,white,arbitration_dataset/images/color/color_0034_cf.png,arbitration_dataset/images/color/color_0034_std.png,visual_counterfact
color_0035,color,airplane,What color is the airplane?,brown,white,arbitration_dataset/images/color/color_0035_cf.png,arbitration_dataset/images/color/color_0035_std.png,visual_counterfact
color_0036,color,alligator,What color is the alligator?,pink,green,arbitration_dataset/images/color/color_0036_cf.png,arbitration_dataset/images/color/color_0036_std.png,visual_counterfact
color_0037,color,ambulance,What color is the ambulance?,green,white,arbitration_dataset/images/color/color_0037_cf.png,arbitration_dataset/images/color/color_0037_std.png,visual_counterfact
color_0038,color,american football,What color is the american football?,pink,brown,arbitration_dataset/images/color/color_0038_cf.png,arbitration_dataset/images/color/color_0038_std.png,visual_counterfact
color_0039,color,anemone fish,What color is the anemone fish?,purple,orange,arbitration_dataset/images/color/color_0039_cf.png,arbitration_dataset/images/color/color_0039_std.png,visual_counterfact
color_0040,color,ant,What color is the ant?,pink,black,arbitration_dataset/images/color/color_0040_cf.png,arbitration_dataset/images/color/color_0040_std.png,visual_counterfact
color_0041,color,apple,What color is the apple?,blue,red,arbitration_dataset/images/color/color_0041_cf.png,arbitration_dataset/images/color/color_0041_std.png,visual_counterfact
color_0042,color,armadillo,What color is the armadillo?,purple,grey,arbitration_dataset/images/color/color_0042_cf.png,arbitration_dataset/images/color/color_0042_std.png,visual_counterfact
color_0043,color,armour,What color is the armour?,purple,silver,arbitration_dataset/images/color/color_0043_cf.png,arbitration_dataset/images/color/color_0043_std.png,visual_counterfact
color_0044,color,artichoke,What color is the artichoke?,blue,green,arbitration_dataset/images/color/color_0044_cf.png,arbitration_dataset/images/color/color_0044_std.png,visual_counterfact
color_0045,color,asparagus,What color is the asparagus?,orange,green,arbitration_dataset/images/color/color_0045_cf.png,arbitration_dataset/images/color/color_0045_std.png,visual_counterfact
color_0046,color,avocado,What color is the avocado?,blue,green,arbitration_dataset/images/color/color_0046_cf.png,arbitration_dataset/images/color/color_0046_std.png,visual_counterfact
color_0047,color,axolotl,What color is the axolotl?,yellow,pink,arbitration_dataset/images/color/color_0047_cf.png,arbitration_dataset/images/color/color_0047_std.png,visual_counterfact
color_0048,color,bagel,What color is the bagel?,green,brown,arbitration_dataset/images/color/color_0048_cf.png,arbitration_dataset/images/color/color_0048_std.png,visual_counterfact
color_0049,color,ballpoint,What color is the ballpoint?,yellow,blue,arbitration_dataset/images/color/color_0049_cf.png,arbitration_dataset/images/color/color_0049_std.png,visual_counterfact
color_0050,color,banana,What color is the banana?,blue,yellow,arbitration_dataset/images/color/color_0050_cf.png,arbitration_dataset/images/color/color_0050_std.png,visual_counterfact
color_0051,color,barn,What color is the barn?,purple,red,arbitration_dataset/images/color/color_0051_cf.png,arbitration_dataset/images/color/color_0051_std.png,visual_counterfact
color_0052,color,barrel,What color is the barrel?,yellow,brown,arbitration_dataset/images/color/color_0052_cf.png,arbitration_dataset/images/color/color_0052_std.png,visual_counterfact
color_0053,color,baseball,What color is the baseball?,pink,white,arbitration_dataset/images/color/color_0053_cf.png,arbitration_dataset/images/color/color_0053_std.png,visual_counterfact
color_0054,color,basketball,What color is the basketball?,purple,orange,arbitration_dataset/images/color/color_0054_cf.png,arbitration_dataset/images/color/color_0054_std.png,visual_counterfact
color_0055,color,bassoon,What color is the bassoon?,purple,brown,arbitration_dataset/images/color/color_0055_cf.png,arbitration_dataset/images/color/color_0055_std.png,visual_counterfact
color_0056,color,bat_(animal),What color is the bat_(animal)?,pink,black,arbitration_dataset/images/color/color_0056_cf.png,arbitration_dataset/images/color/color_0056_std.png,visual_counterfact
color_0057,color,bath towel,What color is the bath towel?,orange,white,arbitration_dataset/images/color/color_0057_cf.png,arbitration_dataset/images/color/color_0057_std.png,visual_counterfact
color_0058,color,bathtub,What color is the bathtub?,green,white,arbitration_dataset/images/color/color_0058_cf.png,arbitration_dataset/images/color/color_0058_std.png,visual_counterfact
color_0059,color,beacon,What color is the beacon?,brown,red,arbitration_dataset/images/color/color_0059_cf.png,arbitration_dataset/images/color/color_0059_std.png,visual_counterfact
color_0060,color,beans,What color is the beans?,pink,green,arbitration_dataset/images/color/color_0060_cf.png,arbitration_dataset/images/color/color_0060_std.png,visual_counterfact
color_0061,color,bear,What color is the bear?,pink,black,arbitration_dataset/images/color/color_0061_cf.png,arbitration_dataset/images/color/color_0061_std.png,visual_counterfact
color_0062,color,bearskin,What color is the bearskin?,purple,black,arbitration_dataset/images/color/color_0062_cf.png,arbitration_dataset/images/color/color_0062_std.png,visual_counterfact
color_0063,color,beaver,What color is the beaver?,purple,brown,arbitration_dataset/images/color/color_0063_cf.png,arbitration_dataset/images/color/color_0063_std.png,visual_counterfact
color_0064,color,beehive,What color is the beehive?,red,yellow,arbitration_dataset/images/color/color_0064_cf.png,arbitration_dataset/images/color/color_0064_std.png,visual_counterfact
color_0065,color,beer bottle,What color is the beer bottle?,blue,brown,arbitration_dataset/images/color/color_0065_cf.png,arbitration_dataset/images/color/color_0065_std.png,visual_counterfact
color_0066,color,beetle,What color is the beetle?,pink,black,arbitration_dataset/images/color/color_0066_cf.png,arbitration_dataset/images/color/color_0066_std.png,visual_counterfact
color_0067,color,beets,What color is the beets?,yellow,red,arbitration_dataset/images/color/color_0067_cf.png,arbitration_dataset/images/color/color_0067_std.png,visual_counterfact
color_0068,color,bench,What color is the bench?,pink,brown,arbitration_dataset/images/color/color_0068_cf.png,arbitration_dataset/images/color/color_0068_std.png,visual_counterfact
color_0069,color,binoculars,What color is the binoculars?,red,black,arbitration_dataset/images/color/color_0069_cf.png,arbitration_dataset/images/color/color_0069_std.png,visual_counterfact
color_0070,color,birch,What color is the birch?,pink,white,arbitration_dataset/images/color/color_0070_cf.png,arbitration_dataset/images/color/color_0070_std.png,visual_counterfact
color_0071,color,bison,What color is the bison?,blue,brown,arbitration_dataset/images/color/color_0071_cf.png,arbitration_dataset/images/color/color_0071_std.png,visual_counterfact
color_0072,color,bittern,What color is the bittern?,purple,brown,arbitration_dataset/images/color/color_0072_cf.png,arbitration_dataset/images/color/color_0072_std.png,visual_counterfact
color_0073,color,black stork,What color is the black stork?,pink,black,arbitration_dataset/images/color/color_0073_cf.png,arbitration_dataset/images/color/color_0073_std.png,visual_counterfact
color_0074,color,black swan,What color is the black swan?,pink,black,arbitration_dataset/images/color/color_0074_cf.png,arbitration_dataset/images/color/color_0074_std.png,visual_counterfact
color_0075,color,black widow,What color is the black widow?,green,black,arbitration_dataset/images/color/color_0075_cf.png,arbitration_dataset/images/color/color_0075_std.png,visual_counterfact
color_0076,color,black-and-tan coonhound,What color is the black-and-tan coonhound?,yellow,black,arbitration_dataset/images/color/color_0076_cf.png,arbitration_dataset/images/color/color_0076_std.png,visual_counterfact
color_0077,color,blackbird,What color is the blackbird?,orange,black,arbitration_dataset/images/color/color_0077_cf.png,arbitration_dataset/images/color/color_0077_std.png,visual_counterfact
color_0078,color,blueberry,What color is the blueberry?,brown,blue,arbitration_dataset/images/color/color_0078_cf.png,arbitration_dataset/images/color/color_0078_std.png,visual_counterfact
color_0079,color,bluejay,What color is the bluejay?,orange,blue,arbitration_dataset/images/color/color_0079_cf.png,arbitration_dataset/images/color/color_0079_std.png,visual_counterfact
color_0080,color,board_(black),What color is the board_(black)?,pink,black,arbitration_dataset/images/color/color_0080_cf.png,arbitration_dataset/images/color/color_0080_std.png,visual_counterfact
color_0081,color,boat,What color is the boat?,green,white,arbitration_dataset/images/color/color_0081_cf.png,arbitration_dataset/images/color/color_0081_std.png,visual_counterfact
color_0082,color,bottle,What color is the bottle?,purple,green,arbitration_dataset/images/color/color_0082_cf.png,arbitration_dataset/images/color/color_0082_std.png,visual_counterfact
color_0083,color,bowl,What color is the bowl?,pink,white,arbitration_dataset/images/color/color_0083_cf.png,arbitration_dataset/images/color/color_0083_std.png,visual_counterfact
color_0084,color,box,What color is the box?,green,brown,arbitration_dataset/images/color/color_0084_cf.png,arbitration_dataset/images/color/color_0084_std.png,visual_counterfact
color_0085,color,bread,What color is the bread?,green,brown,arbitration_dataset/images/color/color_0085_cf.png,arbitration_dataset/images/color/color_0085_std.png,visual_counterfact
color_0086,color,brick,What color is the brick?,blue,red,arbitration_dataset/images/color/color_0086_cf.png,arbitration_dataset/images/color/color_0086_std.png,visual_counterfact
color_0087,color,broccoli,What color is the broccoli?,red,green,arbitration_dataset/images/color/color_0087_cf.png,arbitration_dataset/images/color/color_0087_std.png,visual_counterfact
color_0088,color,broom,What color is the broom?,pink,brown,arbitration_dataset/images/color/color_0088_cf.png,arbitration_dataset/images/color/color_0088_std.png,visual_counterfact
color_0089,color,buckeye,What color is the buckeye?,pink,brown,arbitration_dataset/images/color/color_0089_cf.png,arbitration_dataset/images/color/color_0089_std.png,visual_counterfact
color_0090,color,budgie,What color is the budgie?,purple,green,arbitration_dataset/images/color/color_0090_cf.png,arbitration_dataset/images/color/color_0090_std.png,visual_counterfact
color_0091,color,buffalo,What color is the buffalo?,green,brown,arbitration_dataset/images/color/color_0091_cf.png,arbitration_dataset/images/color/color_0091_std.png,visual_counterfact
color_0092,color,bullfrog,What color is the bullfrog?,red,green,arbitration_dataset/images/color/color_0092_cf.png,arbitration_dataset/images/color/color_0092_std.png,visual_counterfact
color_0093,color,bus,What color is the bus?,brown,yellow,arbitration_dataset/images/color/color_0093_cf.png,arbitration_dataset/images/color/color_0093_std.png,visual_counterfact
color_0094,color,butternut squash,What color is the butternut squash?,green,brown,arbitration_dataset/images/color/color_0094_cf.png,arbitration_dataset/images/color/color_0094_std.png,visual_counterfact
color_0095,color,buzzard,What color is the buzzard?,purple,black,arbitration_dataset/images/color/color_0095_cf.png,arbitration_dataset/images/color/color_0095_std.png,visual_counterfact
color_0096,color,cab,What color is the cab?,green,yellow,arbitration_dataset/images/color/color_0096_cf.png,arbitration_dataset/images/color/color_0096_std.png,visual_counterfact
color_0097,color,cabbage,What color is the cabbage?,pink,green,arbitration_dataset/images/color/color_0097_cf.png,arbitration_dataset/images/color/color_0097_std.png,visual_counterfact
color_0098,color,cabbage butterfly,What color is the cabbage butterfly?,red,white,arbitration_dataset/images/color/color_0098_cf.png,arbitration_dataset/images/color/color_0098_std.png,visual_counterfact
color_0099,color,cabin,What color is the cabin?,pink,brown,arbitration_dataset/images/color/color_0099_cf.png,arbitration_dataset/images/color/color_0099_std.png,visual_counterfact
color_0100,color,camel,What color is the camel?,red,brown,arbitration_dataset/images/color/color_0100_cf.png,arbitration_dataset/images/color/color_0100_std.png,visual_counterfact
color_0101,color,canary,What color is the canary?,green,yellow,arbitration_dataset/images/color/color_0101_cf.png,arbitration_dataset/images/color/color_0101_std.png,visual_counterfact
color_0102,color,candle,What color is the candle?,purple,white,arbitration_dataset/images/color/color_0102_cf.png,arbitration_dataset/images/color/color_0102_std.png,visual_counterfact
color_0103,color,cannon,What color is the cannon?,purple,black,arbitration_dataset/images/color/color_0103_cf.png,arbitration_dataset/images/color/color_0103_std.png,visual_counterfact
color_0104,color,cantaloupe,What color is the cantaloupe?,pink,orange,arbitration_dataset/images/color/color_0104_cf.png,arbitration_dataset/images/color/color_0104_std.png,visual_counterfact
color_0105,color,car wheel,What color is the car wheel?,brown,silver,arbitration_dataset/images/color/color_0105_cf.png,arbitration_dataset/images/color/color_0105_std.png,visual_counterfact
color_0106,color,carbonara,What color is the carbonara?,green,yellow,arbitration_dataset/images/color/color_0106_cf.png,arbitration_dataset/images/color/color_0106_std.png,visual_counterfact
color_0107,color,carrot,What color is the carrot?,green,orange,arbitration_dataset/images/color/color_0107_cf.png,arbitration_dataset/images/color/color_0107_std.png,visual_counterfact
color_0108,color,cassette player,What color is the cassette player?,purple,black,arbitration_dataset/images/color/color_0108_cf.png,arbitration_dataset/images/color/color_0108_std.png,visual_counterfact
color_0109,color,catamaran,What color is the catamaran?,brown,white,arbitration_dataset/images/color/color_0109_cf.png,arbitration_dataset/images/color/color_0109_std.png,visual_counterfact
color_0110,color,caterpillar,What color is the caterpillar?,purple,green,arbitration_dataset/images/color/color_0110_cf.png,arbitration_dataset/images/color/color_0110_std.png,visual_counterfact
color_0111,color,celery,What color is the celery?,brown,green,arbitration_dataset/images/color/color_0111_cf.png,arbitration_dataset/images/color/color_0111_std.png,visual_counterfact
color_0112,color,cello,What color is the cello?,purple,brown,arbitration_dataset/images/color/color_0112_cf.png,arbitration_dataset/images/color/color_0112_std.png,visual_counterfact
color_0113,color,chain,What color is the chain?,purple,silver,arbitration_dataset/images/color/color_0113_cf.png,arbitration_dataset/images/color/color_0113_std.png,visual_counterfact
color_0114,color,chain mail,What color is the chain mail?,purple,silver,arbitration_dataset/images/color/color_0114_cf.png,arbitration_dataset/images/color/color_0114_std.png,visual_counterfact
color_0115,color,chainlink fence,What color is the chainlink fence?,purple,silver,arbitration_dataset/images/color/color_0115_cf.png,arbitration_dataset/images/color/color_0115_std.png,visual_counterfact
color_0116,color,cheese,What color is the cheese?,green,orange,arbitration_dataset/images/color/color_0116_cf.png,arbitration_dataset/images/color/color_0116_std.png,visual_counterfact
color_0117,color,cheeseburger,What color is the cheeseburger?,green,brown,arbitration_dataset/images/color/color_0117_cf.png,arbitration_dataset/images/color/color_0117_std.png,visual_counterfact
color_0118,color,cheetah,What color is the cheetah?,blue,yellow,arbitration_dataset/images/color/color_0118_cf.png,arbitration_dataset/images/color/color_0118_std.png,visual_counterfact
color_0119,color,cherry,What color is the cherry?,blue,red,arbitration_dataset/images/color/color_0119_cf.png,arbitration_dataset/images/color/color_0119_std.png,visual_counterfact
color_0120,color,chickadee,What color is the chickadee?,green,yellow,arbitration_dataset/images/color/color_0120_cf.png,arbitration_dataset/images/color/color_0120_std.png,visual_counterfact
color_0121,color,chimpanzee,What color is the chimpanzee?,orange,black,arbitration_dataset/images/color/color_0121_cf.png,arbitration_dataset/images/color/color_0121_std.png,visual_counterfact
color_0122,color,chinese_lantern,What color is the chinese_lantern?,blue,red,arbitration_dataset/images/color/color_0122_cf.png,arbitration_dataset/images/color/color_0122_std.png,visual_counterfact
color_0123,color,chipmunk,What color is the chipmunk?,purple,brown,arbitration_dataset/images/color/color_0123_cf.png,arbitration_dataset/images/color/color_0123_std.png,visual_counterfact
color_0124,color,chocolate sauce,What color is the chocolate sauce?,purple,brown,arbitration_dataset/images/color/color_0124_cf.png,arbitration_dataset/images/color/color_0124_std.png,visual_counterfact
color_0125,color,cigar,What color is the cigar?,pink,brown,arbitration_dataset/images/color/color_0125_cf.png,arbitration_dataset/images/color/color_0125_std.png,visual_counterfact
color_0126,color,cigarette,What color is the cigarette?,purple,white,arbitration_dataset/images/color/color_0126_cf.png,arbitration_dataset/images/color/color_0126_std.png,visual_counterfact
color_0127,color,clarinet,What color is the clarinet?,pink,black,arbitration_dataset/images/color/color_0127_cf.png,arbitration_dataset/images/color/color_0127_std.png,visual_counterfact
color_0128,color,cleaver,What color is the cleaver?,green,silver,arbitration_dataset/images/color/color_0128_cf.png,arbitration_dataset/images/color/color_0128_std.png,visual_counterfact
color_0129,color,closet,What color is the closet?,yellow,white,arbitration_dataset/images/color/color_0129_cf.png,arbitration_dataset/images/color/color_0129_std.png,visual_counterfact
color_0130,color,cloud,What color is the cloud?,yellow,white,arbitration_dataset/images/color/color_0130_cf.png,arbitration_dataset/images/color/color_0130_std.png,visual_counterfact
color_0131,color,cockroach,What color is the cockroach?,green,brown,arbitration_dataset/images/color/color_0131_cf.png,arbitration_dataset/images/color/color_0131_std.png,visual_counterfact
color_0132,color,cocktail shaker,What color is the cocktail shaker?,green,silver,arbitration_dataset/images/color/color_0132_cf.png,arbitration_dataset/images/color/color_0132_std.png,visual_counterfact
color_0133,color,coconut,What color is the coconut?,pink,brown,arbitration_dataset/images/color/color_0133_cf.png,arbitration_dataset/images/color/color_0133_std.png,visual_counterfact
color_0134,color,coho,What color is the coho?,purple,silver,arbitration_dataset/images/color/color_0134_cf.png,arbitration_dataset/images/color/color_0134_std.png,visual_counterfact
color_0135,color,coin,What color is the coin?,orange,silver,arbitration_dataset/images/color/color_0135_cf.png,arbitration_dataset/images/color/color_0135_std.png,visual_counterfact
color_0136,color,colobus,What color is the colobus?,yellow,black,arbitration_dataset/images/color/color_0136_cf.png,arbitration_dataset/images/color/color_0136_std.png,visual_counterfact
color_0137,color,combination lock,What color is the combination lock?,pink,black,arbitration_dataset/images/color/color_0137_cf.png,arbitration_dataset/images/color/color_0137_std.png,visual_counterfact
color_0138,color,computer keyboard,What color is the computer keyboard?,pink,black,arbitration_dataset/images/color/color_0138_cf.png,arbitration_dataset/images/color/color_0138_std.png,visual_counterfact
color_0139,color,conch,What color is the conch?,yellow,pink,arbitration_dataset/images/color/color_0139_cf.png,arbitration_dataset/images/color/color_0139_std.png,visual_counterfact
color_0140,color,cork,What color is the cork?,pink,brown,arbitration_dataset/images/color/color_0140_cf.png,arbitration_dataset/images/color/color_0140_std.png,visual_counterfact
color_0141,color,corn,What color is the corn?,blue,yellow,arbitration_dataset/images/color/color_0141_cf.png,arbitration_dataset/images/color/color_0141_std.png,visual_counterfact
color_0142,color,cougar,What color is the cougar?,purple,brown,arbitration_dataset/images/color/color_0142_cf.png,arbitration_dataset/images/color/color_0142_std.png,visual_counterfact
color_0143,color,cow,What color is the cow?,blue,white,arbitration_dataset/images/color/color_0143_cf.png,arbitration_dataset/images/color/color_0143_std.png,visual_counterfact
color_0144,color,cowboy boot,What color is the cowboy boot?,red,brown,arbitration_dataset/images/color/color_0144_cf.png,arbitration_dataset/images/color/color_0144_std.png,visual_counterfact
color_0145,color,crab,What color is the crab?,yellow,red,arbitration_dataset/images/color/color_0145_cf.png,arbitration_dataset/images/color/color_0145_std.png,visual_counterfact
color_0146,color,cranberry,What color is the cranberry?,brown,red,arbitration_dataset/images/color/color_0146_cf.png,arbitration_dataset/images/color/color_0146_std.png,visual_counterfact
color_0147,color,crane_(machine),What color is the crane_(machine)?,red,yellow,arbitration_dataset/images/color/color_0147_cf.png,arbitration_dataset/images/color/color_0147_std.png,visual_counterfact
color_0148,color,crocodile,What color is the crocodile?,blue,green,arbitration_dataset/images/color/color_0148_cf.png,arbitration_dataset/images/color/color_0148_std.png,visual_counterfact
color_0149,color,crow,What color is the crow?,yellow,black,arbitration_dataset/images/color/color_0149_cf.png,arbitration_dataset/images/color/color_0149_std.png,visual_counterfact
color_0150,color,crown,What color is the crown?,green,gold,arbitration_dataset/images/color/color_0150_cf.png,arbitration_dataset/images/color/color_0150_std.png,visual_counterfact
color_0151,color,cucumber,What color is the cucumber?,purple,green,arbitration_dataset/images/color/color_0151_cf.png,arbitration_dataset/images/color/color_0151_std.png,visual_counterfact
color_0152,color,curly-coated retriever,What color is the curly-coated retriever?,blue,black,arbitration_dataset/images/color/color_0152_cf.png,arbitration_dataset/images/color/color_0152_std.png,visual_counterfact
color_0153,color,daisy,What color is the daisy?,blue,white,arbitration_dataset/images/color/color_0153_cf.png,arbitration_dataset/images/color/color_0153_std.png,visual_counterfact
color_0154,color,dalmatian,What color is the dalmatian?,green,white,arbitration_dataset/images/color/color_0154_cf.png,arbitration_dataset/images/color/color_0154_std.png,visual_counterfact
color_0155,color,dandelion,What color is the dandelion?,purple,yellow,arbitration_dataset/images/color/color_0155_cf.png,arbitration_dataset/images/color/color_0155_std.png,visual_counterfact
color_0156,color,deer,What color is the deer?,pink,brown,arbitration_dataset/images/color/color_0156_cf.png,arbitration_dataset/images/color/color_0156_std.png,visual_counterfact
color_0157,color,dial telephone,What color is the dial telephone?,pink,black,arbitration_dataset/images/color/color_0157_cf.png,arbitration_dataset/images/color/color_0157_std.png,visual_counterfact
color_0158,color,digital watch,What color is the digital watch?,pink,black,arbitration_dataset/images/color/color_0158_cf.png,arbitration_dataset/images/color/color_0158_std.png,visual_counterfact
color_0159,color,dingo,What color is the dingo?,blue,brown,arbitration_dataset/images/color/color_0159_cf.png,arbitration_dataset/images/color/color_0159_std.png,visual_counterfact
color_0160,color,dishwasher,What color is the dishwasher?,purple,white,arbitration_dataset/images/color/color_0160_cf.png,arbitration_dataset/images/color/color_0160_std.png,visual_counterfact
color_0161,color,dolphin,What color is the dolphin?,yellow,grey,arbitration_dataset/images/color/color_0161_cf.png,arbitration_dataset/images/color/color_0161_std.png,visual_counterfact
color_0162,color,donkey,What color is the donkey?,pink,grey,arbitration_dataset/images/color/color_0162_cf.png,arbitration_dataset/images/color/color_0162_std.png,visual_counterfact
color_0163,color,dove,What color is the dove?,green,white,arbitration_dataset/images/color/color_0163_cf.png,arbitration_dataset/images/color/color_0163_std.png,visual_counterfact
color_0164,color,dugong,What color is the dugong?,yellow,grey,arbitration_dataset/images/color/color_0164_cf.png,arbitration_dataset/images/color/color_0164_std.png,visual_counterfact
color_0165,color,dung beetle,What color is the dung beetle?,pink,black,arbitration_dataset/images/color/color_0165_cf.png,arbitration_dataset/images/color/color_0165_std.png,visual_counterfact
color_0166,color,echidna,What color is the echidna?,purple,brown,arbitration_dataset/images/color/color_0166_cf.png,arbitration_dataset/images/color/color_0166_std.png,visual_counterfact
color_0167,color,eggnog,What color is the eggnog?,red,yellow,arbitration_dataset/images/color/color_0167_cf.png,arbitration_dataset/images/color/color_0167_std.png,visual_counterfact
color_0168,color,eggplant,What color is the eggplant?,yellow,purple,arbitration_dataset/images/color/color_0168_cf.png,arbitration_dataset/images/color/color_0168_std.png,visual_counterfact
color_0169,color,elephant,What color is the elephant?,orange,grey,arbitration_dataset/images/color/color_0169_cf.png,arbitration_dataset/images/color/color_0169_std.png,visual_counterfact
color_0170,color,elk,What color is the elk?,yellow,brown,arbitration_dataset/images/color/color_0170_cf.png,arbitration_dataset/images/color/color_0170_std.png,visual_counterfact
color_0171,color,emerald,What color is the emerald?,purple,green,arbitration_dataset/images/color/color_0171_cf.png,arbitration_dataset/images/color/color_0171_std.png,visual_counterfact
color_0172,color,emu,What color is the emu?,pink,brown,arbitration_dataset/images/color/color_0172_cf.png,arbitration_dataset/images/color/color_0172_std.png,visual_counterfact
color_0173,color,envelope,What color is the envelope?,orange,white,arbitration_dataset/images/color/color_0173_cf.png,arbitration_dataset/images/color/color_0173_std.png,visual_counterfact
color_0174,color,espresso,What color is the espresso?,blue,brown,arbitration_dataset/images/color/color_0174_cf.png,arbitration_dataset/images/color/color_0174_std.png,visual_counterfact
color_0175,color,espresso maker,What color is the espresso maker?,pink,black,arbitration_dataset/images/color/color_0175_cf.png,arbitration_dataset/images/color/color_0175_std.png,visual_counterfact
color_0176,color,faucet,What color is the faucet?,pink,silver,arbitration_dataset/images/color/color_0176_cf.png,arbitration_dataset/images/color/color_0176_std.png,visual_counterfact
color_0177,color,fawn,What color is the fawn?,yellow,brown,arbitration_dataset/images/color/color_0177_cf.png,arbitration_dataset/images/color/color_0177_std.png,visual_counterfact
color_0178,color,fence,What color is the fence?,pink,white,arbitration_dataset/images/color/color_0178_cf.png,arbitration_dataset/images/color/color_0178_std.png,visual_counterfact
color_0179,color,fire engine,What color is the fire engine?,brown,red,arbitration_dataset/images/color/color_0179_cf.png,arbitration_dataset/images/color/color_0179_std.png,visual_counterfact
color_0180,color,fireboat,What color is the fireboat?,brown,red,arbitration_dataset/images/color/color_0180_cf.png,arbitration_dataset/images/color/color_0180_std.png,visual_counterfact
color_0181,color,flamingo,What color is the flamingo?,blue,pink,arbitration_dataset/images/color/color_0181_cf.png,arbitration_dataset/images/color/color_0181_std.png,visual_counterfact
color_0182,color,flat-coated retriever,What color is the flat-coated retriever?,orange,black,arbitration_dataset/images/color/color_0182_cf.png,arbitration_dataset/images/color/color_0182_std.png,visual_counterfact
color_0183,color,flute,What color is the flute?,brown,silver,arbitration_dataset/images/color/color_0183_cf.png,arbitration_dataset/images/color/color_0183_std.png,visual_counterfact
color_0184,color,folding chair,What color is the folding chair?,yellow,black,arbitration_dataset/images/color/color_0184_cf.png,arbitration_dataset/images/color/color_0184_std.png,visual_counterfact
color_0185,color,fork,What color is the fork?,green,silver,arbitration_dataset/images/color/color_0185_cf.png,arbitration_dataset/images/color/color_0185_std.png,visual_counterfact
color_0186,color,forklift,What color is the forklift?,brown,yellow,arbitration_dataset/images/color/color_0186_cf.png,arbitration_dataset/images/color/color_0186_std.png,visual_counterfact
color_0187,color,fox,What color is the fox?,yellow,red,arbitration_dataset/images/color/color_0187_cf.png,arbitration_dataset/images/color/color_0187_std.png,visual_counterfact
color_0188,color,freezer,What color is the freezer?,orange,white,arbitration_dataset/images/color/color_0188_cf.png,arbitration_dataset/images/color/color_0188_std.png,visual_counterfact
color_0189,color,fridge,What color is the fridge?,yellow,white,arbitration_dataset/images/color/color_0189_cf.png,arbitration_dataset/images/color/color_0189_std.png,visual_counterfact
color_0190,color,frilled lizard,What color is the frilled lizard?,pink,brown,arbitration_dataset/images/color/color_0190_cf.png,arbitration_dataset/images/color/color_0190_std.png,visual_counterfact
color_0191,color,frog,What color is the frog?,purple,green,arbitration_dataset/images/color/color_0191_cf.png,arbitration_dataset/images/color/color_0191_std.png,visual_counterfact
color_0192,color,frying pan,What color is the frying pan?,yellow,black,arbitration_dataset/images/color/color_0192_cf.png,arbitration_dataset/images/color/color_0192_std.png,visual_counterfact
color_0193,color,garbage truck,What color is the garbage truck?,brown,green,arbitration_dataset/images/color/color_0193_cf.png,arbitration_dataset/images/color/color_0193_std.png,visual_counterfact
color_0194,color,garlic,What color is the garlic?,orange,white,arbitration_dataset/images/color/color_0194_cf.png,arbitration_dataset/images/color/color_0194_std.png,visual_counterfact
color_0195,color,gas pump,What color is the gas pump?,blue,red,arbitration_dataset/images/color/color_0195_cf.png,arbitration_dataset/images/color/color_0195_std.png,visual_counterfact
color_0196,color,gasmask,What color is the gasmask?,yellow,black,arbitration_dataset/images/color/color_0196_cf.png,arbitration_dataset/images/color/color_0196_std.png,visual_counterfact
color_0197,color,giant panda,What color is the giant panda?,purple,black,arbitration_dataset/images/color/color_0197_cf.png,arbitration_dataset/images/color/color_0197_std.png,visual_counterfact
color_0198,color,giant schnauzer,What color is the giant schnauzer?,orange,black,arbitration_dataset/images/color/color_0198_cf.png,arbitration_dataset/images/color/color_0198_std.png,visual_counterfact
color_0199,color,giraffe,What color is the giraffe?,green,brown,arbitration_dataset/images/color/color_0199_cf.png,arbitration_dataset/images/color/color_0199_std.png,visual_counterfact
color_0200,color,goat,What color is the goat?,orange,white,arbitration_dataset/images/color/color_0200_cf.png,arbitration_dataset/images/color/color_0200_std.png,visual_counterfact
color_0201,color,goldfinch,What color is the goldfinch?,red,yellow,arbitration_dataset/images/color/color_0201_cf.png,arbitration_dataset/images/color/color_0201_std.png,visual_counterfact
color_0202,color,goldfish,What color is the goldfish?,pink,orange,arbitration_dataset/images/color/color_0202_cf.png,arbitration_dataset/images/color/color_0202_std.png,visual_counterfact
color_0203,color,golf ball,What color is the golf ball?,pink,white,arbitration_dataset/images/color/color_0203_cf.png,arbitration_dataset/images/color/color_0203_std.png,visual_counterfact
color_0204,color,gondola,What color is the gondola?,pink,black,arbitration_dataset/images/color/color_0204_cf.png,arbitration_dataset/images/color/color_0204_std.png,visual_counterfact
color_0205,color,goose,What color is the goose?,red,white,arbitration_dataset/images/color/color_0205_cf.png,arbitration_dataset/images/color/color_0205_std.png,visual_counterfact
color_0206,color,gopher,What color is the gopher?,yellow,brown,arbitration_dataset/images/color/color_0206_cf.png,arbitration_dataset/images/color/color_0206_std.png,visual_counterfact
color_0207,color,gorilla,What color is the gorilla?,yellow,black,arbitration_dataset/images/color/color_0207_cf.png,arbitration_dataset/images/color/color_0207_std.png,visual_counterfact
color_0208,color,grape,What color is the grape?,blue,green,arbitration_dataset/images/color/color_0208_cf.png,arbitration_dataset/images/color/color_0208_std.png,visual_counterfact
color_0209,color,grapefruit,What color is the grapefruit?,blue,pink,arbitration_dataset/images/color/color_0209_cf.png,arbitration_dataset/images/color/color_0209_std.png,visual_counterfact
color_0210,color,grasshopper,What color is the grasshopper?,purple,green,arbitration_dataset/images/color/color_0210_cf.png,arbitration_dataset/images/color/color_0210_std.png,visual_counterfact
color_0211,color,grater,What color is the grater?,purple,silver,arbitration_dataset/images/color/color_0211_cf.png,arbitration_dataset/images/color/color_0211_std.png,visual_counterfact
color_0212,color,great white shark,What color is the great white shark?,red,grey,arbitration_dataset/images/color/color_0212_cf.png,arbitration_dataset/images/color/color_0212_std.png,visual_counterfact
color_0213,color,green lizard,What color is the green lizard?,pink,green,arbitration_dataset/images/color/color_0213_cf.png,arbitration_dataset/images/color/color_0213_std.png,visual_counterfact
color_0214,color,green mamba,What color is the green mamba?,purple,green,arbitration_dataset/images/color/color_0214_cf.png,arbitration_dataset/images/color/color_0214_std.png,visual_counterfact
color_0215,color,green snake,What color is the green snake?,pink,green,arbitration_dataset/images/color/color_0215_cf.png,arbitration_dataset/images/color/color_0215_std.png,visual_counterfact
color_0216,color,grenade,What color is the grenade?,pink,green,arbitration_dataset/images/color/color_0216_cf.png,arbitration_dataset/images/color/color_0216_std.png,visual_counterfact
color_0217,color,grey whale,What color is the grey whale?,yellow,grey,arbitration_dataset/images/color/color_0217_cf.png,arbitration_dataset/images/color/color_0217_std.png,visual_counterfact
color_0218,color,groenendael,What color is the groenendael?,purple,black,arbitration_dataset/images/color/color_0218_cf.png,arbitration_dataset/images/color/color_0218_std.png,visual_counterfact
color_0219,color,ground beetle,What color is the ground beetle?,pink,black,arbitration_dataset/images/color/color_0219_cf.png,arbitration_dataset/images/color/color_0219_std.png,visual_counterfact
color_0220,color,groundhog,What color is the groundhog?,green,brown,arbitration_dataset/images/color/color_0220_cf.png,arbitration_dataset/images/color/color_0220_std.png,visual_counterfact
color_0221,color,guacamole,What color is the guacamole?,purple,green,arbitration_dataset/images/color/color_0221_cf.png,arbitration_dataset/images/color/color_0221_std.png,visual_counterfact
color_0222,color,gun,What color is the gun?,orange,black,arbitration_dataset/images/color/color_0222_cf.png,arbitration_dataset/images/color/color_0222_std.png,visual_counterfact
color_0223,color,hare,What color is the hare?,yellow,white,arbitration_dataset/images/color/color_0223_cf.png,arbitration_dataset/images/color/color_0223_std.png,visual_counterfact
color_0224,color,hartebeest,What color is the hartebeest?,red,brown,arbitration_dataset/images/color/color_0224_cf.png,arbitration_dataset/images/color/color_0224_std.png,visual_counterfact
color_0225,color,hay,What color is the hay?,purple,yellow,arbitration_dataset/images/color/color_0225_cf.png,arbitration_dataset/images/color/color_0225_std.png,visual_counterfact
color_0226,color,head cabbage,What color is the head cabbage?,pink,green,arbitration_dataset/images/color/color_0226_cf.png,arbitration_dataset/images/color/color_0226_std.png,visual_counterfact
color_0227,color,hippopotamus,What color is the hippopotamus?,pink,grey,arbitration_dataset/images/color/color_0227_cf.png,arbitration_dataset/images/color/color_0227_std.png,visual_counterfact
color_0228,color,holster,What color is the holster?,red,black,arbitration_dataset/images/color/color_0228_cf.png,arbitration_dataset/images/color/color_0228_std.png,visual_counterfact
color_0229,color,honeycomb,What color is the honeycomb?,purple,yellow,arbitration_dataset/images/color/color_0229_cf.png,arbitration_dataset/images/color/color_0229_std.png,visual_counterfact
color_0230,color,honeydew,What color is the honeydew?,orange,green,arbitration_dataset/images/color/color_0230_cf.png,arbitration_dataset/images/color/color_0230_std.png,visual_counterfact
color_0231,color,hornet,What color is the hornet?,pink,black,arbitration_dataset/images/color/color_0231_cf.png,arbitration_dataset/images/color/color_0231_std.png,visual_counterfact
color_0232,color,hose,What color is the hose?,purple,green,arbitration_dataset/images/color/color_0232_cf.png,arbitration_dataset/images/color/color_0232_std.png,visual_counterfact
color_0233,color,hotdog,What color is the hotdog?,blue,brown,arbitration_dataset/images/color/color_0233_cf.png,arbitration_dataset/images/color/color_0233_std.png,visual_counterfact
color_0234,color,house finch,What color is the house finch?,green,red,arbitration_dataset/images/color/color_0234_cf.png,arbitration_dataset/images/color/color_0234_std.png,visual_counterfact
color_0235,color,housefly,What color is the housefly?,pink,black,arbitration_dataset/images/color/color_0235_cf.png,arbitration_dataset/images/color/color_0235_std.png,visual_counterfact
color_0236,color,ibex,What color is the ibex?,red,brown,arbitration_dataset/images/color/color_0236_cf.png,arbitration_dataset/images/color/color_0236_std.png,visual_counterfact
color_0237,color,iguana,What color is the iguana?,orange,green,arbitration_dataset/images/color/color_0237_cf.png,arbitration_dataset/images/color/color_0237_std.png,visual_counterfact
color_0238,color,impala,What color is the impala?,blue,brown,arbitration_dataset/images/color/color_0238_cf.png,arbitration_dataset/images/color/color_0238_std.png,visual_counterfact
color_0239,color,indigo bunting,What color is the indigo bunting?,yellow,blue,arbitration_dataset/images/color/color_0239_cf.png,arbitration_dataset/images/color/color_0239_std.png,visual_counterfact
color_0240,color,jack-o'-lantern,What color is the jack-o'-lantern?,blue,orange,arbitration_dataset/images/color/color_0240_cf.png,arbitration_dataset/images/color/color_0240_std.png,visual_counterfact
color_0241,color,jackfruit,What color is the jackfruit?,pink,green,arbitration_dataset/images/color/color_0241_cf.png,arbitration_dataset/images/color/color_0241_std.png,visual_counterfact
color_0242,color,jaguar,What color is the jaguar?,blue,black,arbitration_dataset/images/color/color_0242_cf.png,arbitration_dataset/images/color/color_0242_std.png,visual_counterfact
color_0243,color,jay,What color is the jay?,yellow,blue,arbitration_dataset/images/color/color_0243_cf.png,arbitration_dataset/images/color/color_0243_std.png,visual_counterfact
color_0244,color,jean,What color is the jean?,yellow,blue,arbitration_dataset/images/color/color_0244_cf.png,arbitration_dataset/images/color/color_0244_std.png,visual_counterfact
color_0245,color,jeans,What color is the jeans?,orange,blue,arbitration_dataset/images/color/color_0245_cf.png,arbitration_dataset/images/color/color_0245_std.png,visual_counterfact
color_0246,color,joystick,What color is the joystick?,orange,black,arbitration_dataset/images/color/color_0246_cf.png,arbitration_dataset/images/color/color_0246_std.png,visual_counterfact
color_0247,color,kangaroo,What color is the kangaroo?,green,brown,arbitration_dataset/images/color/color_0247_cf.png,arbitration_dataset/images/color/color_0247_std.png,visual_counterfact
color_0248,color,keyboard_(musical),What color is the keyboard_(musical)?,red,black,arbitration_dataset/images/color/color_0248_cf.png,arbitration_dataset/images/color/color_0248_std.png,visual_counterfact
color_0249,color,killer whale,What color is the killer whale?,orange,black,arbitration_dataset/images/color/color_0249_cf.png,arbitration_dataset/images/color/color_0249_std.png,visual_counterfact
color_0250,color,king crab,What color is the king crab?,green,red,arbitration_dataset/images/color/color_0250_cf.png,arbitration_dataset/images/color/color_0250_std.png,visual_counterfact
color_0251,color,knife,What color is the knife?,green,silver,arbitration_dataset/images/color/color_0251_cf.png,arbitration_dataset/images/color/color_0251_std.png,visual_counterfact
color_0252,color,koala,What color is the koala?,pink,grey,arbitration_dataset/images/color/color_0252_cf.png,arbitration_dataset/images/color/color_0252_std.png,visual_counterfact
color_0253,color,kuvasz,What color is the kuvasz?,purple,white,arbitration_dataset/images/color/color_0253_cf.png,arbitration_dataset/images/color/color_0253_std.png,visual_counterfact
color_0254,color,lab coat,What color is the lab coat?,purple,white,arbitration_dataset/images/color/color_0254_cf.png,arbitration_dataset/images/color/color_0254_std.png,visual_counterfact
color_0255,color,lacewing,What color is the lacewing?,red,green,arbitration_dataset/images/color/color_0255_cf.png,arbitration_dataset/images/color/color_0255_std.png,visual_counterfact
color_0256,color,ladybug,What color is the ladybug?,green,red,arbitration_dataset/images/color/color_0256_cf.png,arbitration_dataset/images/color/color_0256_std.png,visual_counterfact
color_0257,color,lamb,What color is the lamb?,green,white,arbitration_dataset/images/color/color_0257_cf.png,arbitration_dataset/images/color/color_0257_std.png,visual_counterfact
color_0258,color,lawn mower,What color is the lawn mower?,purple,green,arbitration_dataset/images/color/color_0258_cf.png,arbitration_dataset/images/color/color_0258_std.png,visual_counterfact
color_0259,color,lawn_mower,What color is the lawn_mower?,blue,green,arbitration_dataset/images/color/color_0259_cf.png,arbitration_dataset/images/color/color_0259_std.png,visual_counterfact
color_0260,color,lemon,What color is the lemon?,purple,yellow,arbitration_dataset/images/color/color_0260_cf.png,arbitration_dataset/images/color/color_0260_std.png,visual_counterfact
color_0261,color,lens cap,What color is the lens cap?,orange,black,arbitration_dataset/images/color/color_0261_cf.png,arbitration_dataset/images/color/color_0261_std.png,visual_counterfact
color_0262,color,lesser panda,What color is the lesser panda?,purple,red,arbitration_dataset/images/color/color_0262_cf.png,arbitration_dataset/images/color/color_0262_std.png,visual_counterfact
color_0263,color,lettuce,What color is the lettuce?,pink,green,arbitration_dataset/images/color/color_0263_cf.png,arbitration_dataset/images/color/color_0263_std.png,visual_counterfact
color_0264,color,lifeboat,What color is the lifeboat?,pink,orange,arbitration_dataset/images/color/color_0264_cf.png,arbitration_dataset/images/color/color_0264_std.png,visual_counterfact
color_0265,color,lime,What color is the lime?,brown,green,arbitration_dataset/images/color/color_0265_cf.png,arbitration_dataset/images/color/color_0265_std.png,visual_counterfact
color_0266,color,limousine,What color is the limousine?,purple,black,arbitration_dataset/images/color/color_0266_cf.png,arbitration_dataset/images/color/color_0266_std.png,visual_counterfact
color_0267,color,limpkin,What color is the limpkin?,green,brown,arbitration_dataset/images/color/color_0267_cf.png,arbitration_dataset/images/color/color_0267_std.png,visual_counterfact
color_0268,color,lipstick,What color is the lipstick?,green,red,arbitration_dataset/images/color/color_0268_cf.png,arbitration_dataset/images/color/color_0268_std.png,visual_counterfact
color_0269,color,little blue heron,What color is the little blue heron?,yellow,blue,arbitration_dataset/images/color/color_0269_cf.png,arbitration_dataset/images/color/color_0269_std.png,visual_counterfact
color_0270,color,lobster,What color is the lobster?,yellow,red,arbitration_dataset/images/color/color_0270_cf.png,arbitration_dataset/images/color/color_0270_std.png,visual_counterfact
color_0271,color,lotion,What color is the lotion?,green,white,arbitration_dataset/images/color/color_0271_cf.png,arbitration_dataset/images/color/color_0271_std.png,visual_counterfact
color_0272,color,loudspeaker,What color is the loudspeaker?,orange,black,arbitration_dataset/images/color/color_0272_cf.png,arbitration_dataset/images/color/color_0272_std.png,visual_counterfact
color_0273,color,lycaenid,What color is the lycaenid?,green,blue,arbitration_dataset/images/color/color_0273_cf.png,arbitration_dataset/images/color/color_0273_std.png,visual_counterfact
color_0274,color,machete,What color is the machete?,purple,silver,arbitration_dataset/images/color/color_0274_cf.png,arbitration_dataset/images/color/color_0274_std.png,visual_counterfact
color_0275,color,mackerel,What color is the mackerel?,red,silver,arbitration_dataset/images/color/color_0275_cf.png,arbitration_dataset/images/color/color_0275_std.png,visual_counterfact
color_0276,color,mandarin,What color is the mandarin?,blue,orange,arbitration_dataset/images/color/color_0276_cf.png,arbitration_dataset/images/color/color_0276_std.png,visual_counterfact
color_0277,color,mantis,What color is the mantis?,purple,green,arbitration_dataset/images/color/color_0277_cf.png,arbitration_dataset/images/color/color_0277_std.png,visual_counterfact
color_0278,color,maple_tree,What color is the maple_tree?,pink,green,arbitration_dataset/images/color/color_0278_cf.png,arbitration_dataset/images/color/color_0278_std.png,visual_counterfact
color_0279,color,marimba,What color is the marimba?,green,brown,arbitration_dataset/images/color/color_0279_cf.png,arbitration_dataset/images/color/color_0279_std.png,visual_counterfact
color_0280,color,mashed potato,What color is the mashed potato?,blue,white,arbitration_dataset/images/color/color_0280_cf.png,arbitration_dataset/images/color/color_0280_std.png,visual_counterfact
color_0281,color,meerkat,What color is the meerkat?,red,brown,arbitration_dataset/images/color/color_0281_cf.png,arbitration_dataset/images/color/color_0281_std.png,visual_counterfact
color_0282,color,microwave,What color is the microwave?,yellow,white,arbitration_dataset/images/color/color_0282_cf.png,arbitration_dataset/images/color/color_0282_std.png,visual_counterfact
color_0283,color,miniature pinscher,What color is the miniature pinscher?,green,black,arbitration_dataset/images/color/color_0283_cf.png,arbitration_dataset/images/color/color_0283_std.png,visual_counterfact
color_0284,color,mink,What color is the mink?,purple,brown,arbitration_dataset/images/color/color_0284_cf.png,arbitration_dataset/images/color/color_0284_std.png,visual_counterfact
color_0285,color,mobile home,What color is the mobile home?,purple,white,arbitration_dataset/images/color/color_0285_cf.png,arbitration_dataset/images/color/color_0285_std.png,visual_counterfact
color_0286,color,modem,What color is the modem?,orange,black,arbitration_dataset/images/color/color_0286_cf.png,arbitration_dataset/images/color/color_0286_std.png,visual_counterfact
color_0287,color,mole_(animal),What color is the mole_(animal)?,green,brown,arbitration_dataset/images/color/color_0287_cf.png,arbitration_dataset/images/color/color_0287_std.png,visual_counterfact
color_0288,color,monarch,What color is the monarch?,pink,orange,arbitration_dataset/images/color/color_0288_cf.png,arbitration_dataset/images/color/color_0288_std.png,visual_counterfact
color_0289,color,monitor,What color is the monitor?,orange,black,arbitration_dataset/images/color/color_0289_cf.png,arbitration_dataset/images/color/color_0289_std.png,visual_counterfact
color_0290,color,moose,What color is the moose?,purple,brown,arbitration_dataset/images/color/color_0290_cf.png,arbitration_dataset/images/color/color_0290_std.png,visual_counterfact
color_0291,color,moray eel,What color is the moray eel?,red,green,arbitration_dataset/images/color/color_0291_cf.png,arbitration_dataset/images/color/color_0291_std.png,visual_counterfact
color_0292,color,mosquito net,What color is the mosquito net?,pink,white,arbitration_dataset/images/color/color_0292_cf.png,arbitration_dataset/images/color/color_0292_std.png,visual_counterfact
color_0293,color,moth,What color is the moth?,pink,brown,arbitration_dataset/images/color/color_0293_cf.png,arbitration_dataset/images/color/color_0293_std.png,visual_counterfact
color_0294,color,mouse,What color is the mouse?,red,grey,arbitration_dataset/images/color/color_0294_cf.png,arbitration_dataset/images/color/color_0294_std.png,visual_counterfact
color_0295,color,mouse_(computer),What color is the mouse_(computer)?,purple,black,arbitration_dataset/images/color/color_0295_cf.png,arbitration_dataset/images/color/color_0295_std.png,visual_counterfact
color_0296,color,mug,What color is the mug?,pink,white,arbitration_dataset/images/color/color_0296_cf.png,arbitration_dataset/images/color/color_0296_std.png,visual_counterfact
color_0297,color,mushroom,What color is the mushroom?,purple,brown,arbitration_dataset/images/color/color_0297_cf.png,arbitration_dataset/images/color/color_0297_std.png,visual_counterfact
color_0298,color,nail,What color is the nail?,orange,silver,arbitration_dataset/images/color/color_0298_cf.png,arbitration_dataset/images/color/color_0298_std.png,visual_counterfact
color_0299,color,napkin,What color is the napkin?,orange,white,arbitration_dataset/images/color/color_0299_cf.png,arbitration_dataset/images/color/color_0299_std.png,visual_counterfact
color_0300,color,nightingale,What color is the nightingale?,blue,brown,arbitration_dataset/images/color/color_0300_cf.png,arbitration_dataset/images/color/color_0300_std.png,visual_counterfact
color_0301,color,oak,What color is the oak?,purple,brown,arbitration_dataset/images/color/color_0301_cf.png,arbitration_dataset/images/color/color_0301_std.png,visual_counterfact
color_0302,color,olive,What color is the olive?,pink,green,arbitration_dataset/images/color/color_0302_cf.png,arbitration_dataset/images/color/color_0302_std.png,visual_counterfact
color_0303,color,orange,What color is the orange?,green,orange,arbitration_dataset/images/color/color_0303_cf.png,arbitration_dataset/images/color/color_0303_std.png,visual_counterfact
color_0304,color,orangutan,What color is the orangutan?,purple,orange,arbitration_dataset/images/color/color_0304_cf.png,arbitration_dataset/images/color/color_0304_std.png,visual_counterfact
color_0305,color,oriole,What color is the oriole?,blue,orange,arbitration_dataset/images/color/color_0305_cf.png,arbitration_dataset/images/color/color_0305_std.png,visual_counterfact
color_0306,color,ostrich,What color is the ostrich?,red,brown,arbitration_dataset/images/color/color_0306_cf.png,arbitration_dataset/images/color/color_0306_std.png,visual_counterfact
color_0307,color,otter,What color is the otter?,blue,brown,arbitration_dataset/images/color/color_0307_cf.png,arbitration_dataset/images/color/color_0307_std.png,visual_counterfact
color_0308,color,oven,What color is the oven?,pink,white,arbitration_dataset/images/color/color_0308_cf.png,arbitration_dataset/images/color/color_0308_std.png,visual_counterfact
color_0309,color,owl,What color is the owl?,green,brown,arbitration_dataset/images/color/color_0309_cf.png,arbitration_dataset/images/color/color_0309_std.png,visual_counterfact
color_0310,color,ox,What color is the ox?,yellow,brown,arbitration_dataset/images/color/color_0310_cf.png,arbitration_dataset/images/color/color_0310_std.png,visual_counterfact
color_0311,color,oystercatcher,What color is the oystercatcher?,purple,black,arbitration_dataset/images/color/color_0311_cf.png,arbitration_dataset/images/color/color_0311_std.png,visual_counterfact
color_0312,color,padlock,What color is the padlock?,red,silver,arbitration_dataset/images/color/color_0312_cf.png,arbitration_dataset/images/color/color_0312_std.png,visual_counterfact
color_0313,color,palm_tree,What color is the palm_tree?,pink,green,arbitration_dataset/images/color/color_0313_cf.png,arbitration_dataset/images/color/color_0313_std.png,visual_counterfact
color_0314,color,panther,What color is the panther?,pink,black,arbitration_dataset/images/color/color_0314_cf.png,arbitration_dataset/images/color/color_0314_std.png,visual_counterfact
color_0315,color,paper towel,What color is the paper towel?,pink,white,arbitration_dataset/images/color/color_0315_cf.png,arbitration_dataset/images/color/color_0315_std.png,visual_counterfact
color_0316,color,parakeet,What color is the parakeet?,purple,green,arbitration_dataset/images/color/color_0316_cf.png,arbitration_dataset/images/color/color_0316_std.png,visual_counterfact
color_0317,color,park bench,What color is the park bench?,pink,green,arbitration_dataset/images/color/color_0317_cf.png,arbitration_dataset/images/color/color_0317_std.png,visual_counterfact
color_0318,color,parsley,What color is the parsley?,pink,green,arbitration_dataset/images/color/color_0318_cf.png,arbitration_dataset/images/color/color_0318_std.png,visual_counterfact
color_0319,color,passenger car,What color is the passenger car?,pink,white,arbitration_dataset/images/color/color_0319_cf.png,arbitration_dataset/images/color/color_0319_std.png,visual_counterfact
color_0320,color,peacock,What color is the peacock?,orange,blue,arbitration_dataset/images/color/color_0320_cf.png,arbitration_dataset/images/color/color_0320_std.png,visual_counterfact
color_0321,color,pear,What color is the pear?,purple,green,arbitration_dataset/images/color/color_0321_cf.png,arbitration_dataset/images/color/color_0321_std.png,visual_counterfact
color_0322,color,peas,What color is the peas?,red,green,arbitration_dataset/images/color/color_0322_cf.png,arbitration_dataset/images/color/color_0322_std.png,visual_counterfact
color_0323,color,pelican,What color is the pelican?,green,white,arbitration_dataset/images/color/color_0323_cf.png,arbitration_dataset/images/color/color_0323_std.png,visual_counterfact
color_0324,color,pen,What color is the pen?,orange,blue,arbitration_dataset/images/color/color_0324_cf.png,arbitration_dataset/images/color/color_0324_std.png,visual_counterfact
color_0325,color,pencil,What color is the pencil?,blue,yellow,arbitration_dataset/images/color/color_0325_cf.png,arbitration_dataset/images/color/color_0325_std.png,visual_counterfact
color_0326,color,penguin,What color is the penguin?,green,black,arbitration_dataset/images/color/color_0326_cf.png,arbitration_dataset/images/color/color_0326_std.png,visual_counterfact
color_0327,color,peppercorn,What color is the peppercorn?,blue,black,arbitration_dataset/images/color/color_0327_cf.png,arbitration_dataset/images/color/color_0327_std.png,visual_counterfact
color_0328,color,piano,What color is the piano?,yellow,black,arbitration_dataset/images/color/color_0328_cf.png,arbitration_dataset/images/color/color_0328_std.png,visual_counterfact
color_0329,color,picket fence,What color is the picket fence?,purple,white,arbitration_dataset/images/color/color_0329_cf.png,arbitration_dataset/images/color/color_0329_std.png,visual_counterfact
color_0330,color,pickle,What color is the pickle?,pink,green,arbitration_dataset/images/color/color_0330_cf.png,arbitration_dataset/images/color/color_0330_std.png,visual_counterfact
color_0331,color,pig,What color is the pig?,blue,pink,arbitration_dataset/images/color/color_0331_cf.png,arbitration_dataset/images/color/color_0331_std.png,visual_counterfact
color_0332,color,pigeon,What color is the pigeon?,pink,grey,arbitration_dataset/images/color/color_0332_cf.png,arbitration_dataset/images/color/color_0332_std.png,visual_counterfact
color_0333,color,piggy bank,What color is the piggy bank?,green,pink,arbitration_dataset/images/color/color_0333_cf.png,arbitration_dataset/images/color/color_0333_std.png,visual_counterfact
color_0334,color,pill bottle,What color is the pill bottle?,purple,orange,arbitration_dataset/images/color/color_0334_cf.png,arbitration_dataset/images/color/color_0334_std.png,visual_counterfact
color_0335,color,pillow,What color is the pillow?,orange,white,arbitration_dataset/images/color/color_0335_cf.png,arbitration_dataset/images/color/color_0335_std.png,visual_counterfact
color_0336,color,pine,What color is the pine?,purple,green,arbitration_dataset/images/color/color_0336_cf.png,arbitration_dataset/images/color/color_0336_std.png,visual_counterfact
color_0337,color,pineapple,What color is the pineapple?,purple,yellow,arbitration_dataset/images/color/color_0337_cf.png,arbitration_dataset/images/color/color_0337_std.png,visual_counterfact
color_0338,color,ping-pong ball,What color is the ping-pong ball?,purple,white,arbitration_dataset/images/color/color_0338_cf.png,arbitration_dataset/images/color/color_0338_std.png,visual_counterfact
color_0339,color,pipe_(smoking),What color is the pipe_(smoking)?,purple,brown,arbitration_dataset/images/color/color_0339_cf.png,arbitration_dataset/images/color/color_0339_std.png,visual_counterfact
color_0340,color,pistol,What color is the pistol?,orange,black,arbitration_dataset/images/color/color_0340_cf.png,arbitration_dataset/images/color/color_0340_std.png,visual_counterfact
color_0341,color,plane,What color is the plane?,green,white,arbitration_dataset/images/color/color_0341_cf.png,arbitration_dataset/images/color/color_0341_std.png,visual_counterfact
color_0342,color,plastic bag,What color is the plastic bag?,pink,white,arbitration_dataset/images/color/color_0342_cf.png,arbitration_dataset/images/color/color_0342_std.png,visual_counterfact
color_0343,color,platypus,What color is the platypus?,pink,brown,arbitration_dataset/images/color/color_0343_cf.png,arbitration_dataset/images/color/color_0343_std.png,visual_counterfact
color_0344,color,plum,What color is the plum?,green,purple,arbitration_dataset/images/color/color_0344_cf.png,arbitration_dataset/images/color/color_0344_std.png,visual_counterfact
color_0345,color,plunger,What color is the plunger?,brown,red,arbitration_dataset/images/color/color_0345_cf.png,arbitration_dataset/images/color/color_0345_std.png,visual_counterfact
color_0346,color,pomegranate,What color is the pomegranate?,purple,red,arbitration_dataset/images/color/color_0346_cf.png,arbitration_dataset/images/color/color_0346_std.png,visual_counterfact
color_0347,color,pool table,What color is the pool table?,purple,green,arbitration_dataset/images/color/color_0347_cf.png,arbitration_dataset/images/color/color_0347_std.png,visual_counterfact
color_0348,color,poppy,What color is the poppy?,blue,red,arbitration_dataset/images/color/color_0348_cf.png,arbitration_dataset/images/color/color_0348_std.png,visual_counterfact
color_0349,color,porcupine,What color is the porcupine?,pink,brown,arbitration_dataset/images/color/color_0349_cf.png,arbitration_dataset/images/color/color_0349_std.png,visual_counterfact
color_0350,color,potato,What color is the potato?,pink,brown,arbitration_dataset/images/color/color_0350_cf.png,arbitration_dataset/images/color/color_0350_std.png,visual_counterfact
color_0351,color,prairie chicken,What color is the prairie chicken?,blue,brown,arbitration_dataset/images/color/color_0351_cf.png,arbitration_dataset/images/color/color_0351_std.png,visual_counterfact
color_0352,color,pretzel,What color is the pretzel?,purple,brown,arbitration_dataset/images/color/color_0352_cf.png,arbitration_dataset/images/color/color_0352_std.png,visual_counterfact
color_0353,color,ptarmigan,What color is the ptarmigan?,orange,white,arbitration_dataset/images/color/color_0353_cf.png,arbitration_dataset/images/color/color_0353_std.png,visual_counterfact
color_0354,color,puck,What color is the puck?,orange,black,arbitration_dataset/images/color/color_0354_cf.png,arbitration_dataset/images/color/color_0354_std.png,visual_counterfact
color_0355,color,pumpkin,What color is the pumpkin?,pink,orange,arbitration_dataset/images/color/color_0355_cf.png,arbitration_dataset/images/color/color_0355_std.png,visual_counterfact
color_0356,color,punching bag,What color is the punching bag?,brown,red,arbitration_dataset/images/color/color_0356_cf.png,arbitration_dataset/images/color/color_0356_std.png,visual_counterfact
color_0357,color,raccoon,What color is the raccoon?,green,black,arbitration_dataset/images/color/color_0357_cf.png,arbitration_dataset/images/color/color_0357_std.png,visual_counterfact
color_0358,color,radio,What color is the radio?,green,black,arbitration_dataset/images/color/color_0358_cf.png,arbitration_dataset/images/color/color_0358_std.png,visual_counterfact
color_0359,color,radish,What color is the radish?,yellow,red,arbitration_dataset/images/color/color_0359_cf.png,arbitration_dataset/images/color/color_0359_std.png,visual_counterfact
color_0360,color,raisin,What color is the raisin?,purple,brown,arbitration_dataset/images/color/color_0360_cf.png,arbitration_dataset/images/color/color_0360_std.png,visual_counterfact
color_0361,color,rapeseed,What color is the rapeseed?,pink,yellow,arbitration_dataset/images/color/color_0361_cf.png,arbitration_dataset/images/color/color_0361_std.png,visual_counterfact
color_0362,color,raspberry,What color is the raspberry?,green,red,arbitration_dataset/images/color/color_0362_cf.png,arbitration_dataset/images/color/color_0362_std.png,visual_counterfact
color_0363,color,rattlesnake,What color is the rattlesnake?,pink,brown,arbitration_dataset/images/color/color_0363_cf.png,arbitration_dataset/images/color/color_0363_std.png,visual_counterfact
color_0364,color,raven,What color is the raven?,purple,black,arbitration_dataset/images/color/color_0364_cf.png,arbitration_dataset/images/color/color_0364_std.png,visual_counterfact
color_0365,color,recreational vehicle,What color is the recreational vehicle?,red,white,arbitration_dataset/images/color/color_0365_cf.png,arbitration_dataset/images/color/color_0365_std.png,visual_counterfact
color_0366,color,red wine,What color is the red wine?,green,red,arbitration_dataset/images/color/color_0366_cf.png,arbitration_dataset/images/color/color_0366_std.png,visual_counterfact
color_0367,color,reflex camera,What color is the reflex camera?,purple,black,arbitration_dataset/images/color/color_0367_cf.png,arbitration_dataset/images/color/color_0367_std.png,visual_counterfact
color_0368,color,refrigerator,What color is the refrigerator?,brown,white,arbitration_dataset/images/color/color_0368_cf.png,arbitration_dataset/images/color/color_0368_std.png,visual_counterfact
color_0369,color,remote control,What color is the remote control?,orange,black,arbitration_dataset/images/color/color_0369_cf.png,arbitration_dataset/images/color/color_0369_std.png,visual_counterfact
color_0370,color,revolver,What color is the revolver?,pink,black,arbitration_dataset/images/color/color_0370_cf.png,arbitration_dataset/images/color/color_0370_std.png,visual_counterfact
color_0371,color,rhubarb,What color is the rhubarb?,brown,red,arbitration_dataset/images/color/color_0371_cf.png,arbitration_dataset/images/color/color_0371_std.png,visual_counterfact
color_0372,color,rifle,What color is the rifle?,pink,black,arbitration_dataset/images/color/color_0372_cf.png,arbitration_dataset/images/color/color_0372_std.png,visual_counterfact
color_0373,color,ring_(jewelry),What color is the ring_(jewelry)?,pink,gold,arbitration_dataset/images/color/color_0373_cf.png,arbitration_dataset/images/color/color_0373_std.png,visual_counterfact
color_0374,color,ringlet,What color is the ringlet?,blue,brown,arbitration_dataset/images/color/color_0374_cf.png,arbitration_dataset/images/color/color_0374_std.png,visual_counterfact
color_0375,color,rock crab,What color is the rock crab?,blue,red,arbitration_dataset/images/color/color_0375_cf.png,arbitration_dataset/images/color/color_0375_std.png,visual_counterfact
color_0376,color,rocket,What color is the rocket?,yellow,white,arbitration_dataset/images/color/color_0376_cf.png,arbitration_dataset/images/color/color_0376_std.png,visual_counterfact
color_0377,color,rooster,What color is the rooster?,purple,red,arbitration_dataset/images/color/color_0377_cf.png,arbitration_dataset/images/color/color_0377_std.png,visual_counterfact
color_0378,color,rose,What color is the rose?,blue,red,arbitration_dataset/images/color/color_0378_cf.png,arbitration_dataset/images/color/color_0378_std.png,visual_counterfact
color_0379,color,rubber eraser,What color is the rubber eraser?,green,pink,arbitration_dataset/images/color/color_0379_cf.png,arbitration_dataset/images/color/color_0379_std.png,visual_counterfact
color_0380,color,saddle,What color is the saddle?,purple,brown,arbitration_dataset/images/color/color_0380_cf.png,arbitration_dataset/images/color/color_0380_std.png,visual_counterfact
color_0381,color,safety pin,What color is the safety pin?,green,silver,arbitration_dataset/images/color/color_0381_cf.png,arbitration_dataset/images/color/color_0381_std.png,visual_counterfact
color_0382,color,sailboat,What color is the sailboat?,brown,white,arbitration_dataset/images/color/color_0382_cf.png,arbitration_dataset/images/color/color_0382_std.png,visual_counterfact
color_0383,color,sandbar,What color is the sandbar?,green,brown,arbitration_dataset/images/color/color_0383_cf.png,arbitration_dataset/images/color/color_0383_std.png,visual_counterfact
color_0384,color,sandpaper,What color is the sandpaper?,purple,brown,arbitration_dataset/images/color/color_0384_cf.png,arbitration_dataset/images/color/color_0384_std.png,visual_counterfact
color_0385,color,sardine,What color is the sardine?,pink,silver,arbitration_dataset/images/color/color_0385_cf.png,arbitration_dataset/images/color/color_0385_std.png,visual_counterfact
color_0386,color,saxophone,What color is the saxophone?,red,gold,arbitration_dataset/images/color/color_0386_cf.png,arbitration_dataset/images/color/color_0386_std.png,visual_counterfact
color_0387,color,schipperke,What color is the schipperke?,green,black,arbitration_dataset/images/color/color_0387_cf.png,arbitration_dataset/images/color/color_0387_std.png,visual_counterfact
color_0388,color,screw,What color is the screw?,purple,silver,arbitration_dataset/images/color/color_0388_cf.png,arbitration_dataset/images/color/color_0388_std.png,visual_counterfact
color_0389,color,sea,What color is the sea?,yellow,blue,arbitration_dataset/images/color/color_0389_cf.png,arbitration_dataset/images/color/color_0389_std.png,visual_counterfact
color_0390,color,sea lion,What color is the sea lion?,purple,brown,arbitration_dataset/images/color/color_0390_cf.png,arbitration_dataset/images/color/color_0390_std.png,visual_counterfact
color_0391,color,seagull,What color is the seagull?,blue,white,arbitration_dataset/images/color/color_0391_cf.png,arbitration_dataset/images/color/color_0391_std.png,visual_counterfact
color_0392,color,seal,What color is the seal?,red,grey,arbitration_dataset/images/color/color_0392_cf.png,arbitration_dataset/images/color/color_0392_std.png,visual_counterfact
color_0393,color,seaweed,What color is the seaweed?,blue,green,arbitration_dataset/images/color/color_0393_cf.png,arbitration_dataset/images/color/color_0393_std.png,visual_counterfact
color_0394,color,sewing machine,What color is the sewing machine?,yellow,white,arbitration_dataset/images/color/color_0394_cf.png,arbitration_dataset/images/color/color_0394_std.png,visual_counterfact
color_0395,color,shark,What color is the shark?,orange,grey,arbitration_dataset/images/color/color_0395_cf.png,arbitration_dataset/images/color/color_0395_std.png,visual_counterfact
color_0396,color,sheep,What color is the sheep?,purple,white,arbitration_dataset/images/color/color_0396_cf.png,arbitration_dataset/images/color/color_0396_std.png,visual_counterfact
color_0397,color,shrimp,What color is the shrimp?,blue,pink,arbitration_dataset/images/color/color_0397_cf.png,arbitration_dataset/images/color/color_0397_std.png,visual_counterfact
color_0398,color,siamang,What color is the siamang?,yellow,black,arbitration_dataset/images/color/color_0398_cf.png,arbitration_dataset/images/color/color_0398_std.png,visual_counterfact
color_0399,color,sink,What color is the sink?,orange,white,arbitration_dataset/images/color/color_0399_cf.png,arbitration_dataset/images/color/color_0399_std.png,visual_counterfact
color_0400,color,ski mask,What color is the ski mask?,orange,black,arbitration_dataset/images/color/color_0400_cf.png,arbitration_dataset/images/color/color_0400_std.png,visual_counterfact
color_0401,color,skillet,What color is the skillet?,orange,black,arbitration_dataset/images/color/color_0401_cf.png,arbitration_dataset/images/color/color_0401_std.png,visual_counterfact
color_0402,color,skunk,What color is the skunk?,pink,white,arbitration_dataset/images/color/color_0402_cf.png,arbitration_dataset/images/color/color_0402_std.png,visual_counterfact
color_0403,color,sleigh,What color is the sleigh?,yellow,red,arbitration_dataset/images/color/color_0403_cf.png,arbitration_dataset/images/color/color_0403_std.png,visual_counterfact
color_0404,color,sloth bear,What color is the sloth bear?,red,black,arbitration_dataset/images/color/color_0404_cf.png,arbitration_dataset/images/color/color_0404_std.png,visual_counterfact
color_0405,color,snail,What color is the snail?,pink,brown,arbitration_dataset/images/color/color_0405_cf.png,arbitration_dataset/images/color/color_0405_std.png,visual_counterfact
color_0406,color,space heater,What color is the space heater?,green,black,arbitration_dataset/images/color/color_0406_cf.png,arbitration_dataset/images/color/color_0406_std.png,visual_counterfact
color_0407,color,space shuttle,What color is the space shuttle?,pink,white,arbitration_dataset/images/color/color_0407_cf.png,arbitration_dataset/images/color/color_0407_std.png,visual_counterfact
color_0408,color,spade,What color is the spade?,orange,black,arbitration_dataset/images/color/color_0408_cf.png,arbitration_dataset/images/color/color_0408_std.png,visual_counterfact
color_0409,color,sparrow,What color is the sparrow?,pink,brown,arbitration_dataset/images/color/color_0409_cf.png,arbitration_dataset/images/color/color_0409_std.png,visual_counterfact
color_0410,color,spider,What color is the spider?,yellow,black,arbitration_dataset/images/color/color_0410_cf.png,arbitration_dataset/images/color/color_0410_std.png,visual_counterfact
color_0411,color,spinach,What color is the spinach?,blue,green,arbitration_dataset/images/color/color_0411_cf.png,arbitration_dataset/images/color/color_0411_std.png,visual_counterfact
color_0412,color,spoon,What color is the spoon?,yellow,silver,arbitration_dataset/images/color/color_0412_cf.png,arbitration_dataset/images/color/color_0412_std.png,visual_counterfact
color_0413,color,spoonbill,What color is the spoonbill?,green,pink,arbitration_dataset/images/color/color_0413_cf.png,arbitration_dataset/images/color/color_0413_std.png,visual_counterfact
color_0414,color,spotted salamander,What color is the spotted salamander?,purple,black,arbitration_dataset/images/color/color_0414_cf.png,arbitration_dataset/images/color/color_0414_std.png,visual_counterfact
color_0415,color,squirrel,What color is the squirrel?,blue,brown,arbitration_dataset/images/color/color_0415_cf.png,arbitration_dataset/images/color/color_0415_std.png,visual_counterfact
color_0416,color,steel arch bridge,What color is the steel arch bridge?,yellow,grey,arbitration_dataset/images/color/color_0416_cf.png,arbitration_dataset/images/color/color_0416_std.png,visual_counterfact
color_0417,color,steel drum,What color is the steel drum?,red,silver,arbitration_dataset/images/color/color_0417_cf.png,arbitration_dataset/images/color/color_0417_std.png,visual_counterfact
color_0418,color,stethoscope,What color is the stethoscope?,yellow,black,arbitration_dataset/images/color/color_0418_cf.png,arbitration_dataset/images/color/color_0418_std.png,visual_counterfact
color_0419,color,stick,What color is the stick?,red,brown,arbitration_dataset/images/color/color_0419_cf.png,arbitration_dataset/images/color/color_0419_std.png,visual_counterfact
color_0420,color,stingray,What color is the stingray?,red,grey,arbitration_dataset/images/color/color_0420_cf.png,arbitration_dataset/images/color/color_0420_std.png,visual_counterfact
color_0421,color,stork,What color is the stork?,green,white,arbitration_dataset/images/color/color_0421_cf.png,arbitration_dataset/images/color/color_0421_std.png,visual_counterfact
color_0422,color,strainer,What color is the strainer?,green,silver,arbitration_dataset/images/color/color_0422_cf.png,arbitration_dataset/images/color/color_0422_std.png,visual_counterfact
color_0423,color,strawberry,What color is the strawberry?,blue,red,arbitration_dataset/images/color/color_0423_cf.png,arbitration_dataset/images/color/color_0423_std.png,visual_counterfact
color_0424,color,sulphur butterfly,What color is the sulphur butterfly?,blue,yellow,arbitration_dataset/images/color/color_0424_cf.png,arbitration_dataset/images/color/color_0424_std.png,visual_counterfact
color_0425,color,sulphur-crested cockatoo,What color is the sulphur-crested cockatoo?,green,white,arbitration_dataset/images/color/color_0425_cf.png,arbitration_dataset/images/color/color_0425_std.png,visual_counterfact
color_0426,color,sunflower,What color is the sunflower?,purple,yellow,arbitration_dataset/images/color/color_0426_cf.png,arbitration_dataset/images/color/color_0426_std.png,visual_counterfact
color_0427,color,sunglasses,What color is the sunglasses?,pink,black,arbitration_dataset/images/color/color_0427_cf.png,arbitration_dataset/images/color/color_0427_std.png,visual_counterfact
color_0428,color,swan,What color is the swan?,red,white,arbitration_dataset/images/color/color_0428_cf.png,arbitration_dataset/images/color/color_0428_std.png,visual_counterfact
color_0429,color,tabby,What color is the tabby?,green,brown,arbitration_dataset/images/color/color_0429_cf.png,arbitration_dataset/images/color/color_0429_std.png,visual_counterfact
color_0430,color,taxi,What color is the taxi?,green,yellow,arbitration_dataset/images/color/color_0430_cf.png,arbitration_dataset/images/color/color_0430_std.png,visual_counterfact
color_0431,color,television,What color is the television?,pink,black,arbitration_dataset/images/color/color_0431_cf.png,arbitration_dataset/images/color/color_0431_std.png,visual_counterfact
color_0432,color,tennis ball,What color is the tennis ball?,pink,yellow,arbitration_dataset/images/color/color_0432_cf.png,arbitration_dataset/images/color/color_0432_std.png,visual_counterfact
color_0433,color,thatch,What color is the thatch?,blue,brown,arbitration_dataset/images/color/color_0433_cf.png,arbitration_dataset/images/color/color_0433_std.png,visual_counterfact
color_0434,color,theater curtain,What color is the theater curtain?,purple,red,arbitration_dataset/images/color/color_0434_cf.png,arbitration_dataset/images/color/color_0434_std.png,visual_counterfact
color_0435,color,thimble,What color is the thimble?,blue,silver,arbitration_dataset/images/color/color_0435_cf.png,arbitration_dataset/images/color/color_0435_std.png,visual_counterfact
color_0436,color,three-toed sloth,What color is the three-toed sloth?,red,brown,arbitration_dataset/images/color/color_0436_cf.png,arbitration_dataset/images/color/color_0436_std.png,visual_counterfact
color_0437,color,tick,What color is the tick?,purple,brown,arbitration_dataset/images/color/color_0437_cf.png,arbitration_dataset/images/color/color_0437_std.png,visual_counterfact
color_0438,color,tiger,What color is the tiger?,purple,black,arbitration_dataset/images/color/color_0438_cf.png,arbitration_dataset/images/color/color_0438_std.png,visual_counterfact
color_0439,color,tiger shark,What color is the tiger shark?,orange,grey,arbitration_dataset/images/color/color_0439_cf.png,arbitration_dataset/images/color/color_0439_std.png,visual_counterfact
color_0440,color,tile roof,What color is the tile roof?,purple,red,arbitration_dataset/images/color/color_0440_cf.png,arbitration_dataset/images/color/color_0440_std.png,visual_counterfact
color_0441,color,timber wolf,What color is the timber wolf?,red,grey,arbitration_dataset/images/color/color_0441_cf.png,arbitration_dataset/images/color/color_0441_std.png,visual_counterfact
color_0442,color,toad,What color is the toad?,pink,green,arbitration_dataset/images/color/color_0442_cf.png,arbitration_dataset/images/color/color_0442_std.png,visual_counterfact
color_0443,color,toilet,What color is the toilet?,brown,white,arbitration_dataset/images/color/color_0443_cf.png,arbitration_dataset/images/color/color_0443_std.png,visual_counterfact
color_0444,color,toilet seat,What color is the toilet seat?,yellow,white,arbitration_dataset/images/color/color_0444_cf.png,arbitration_dataset/images/color/color_0444_std.png,visual_counterfact
color_0445,color,tomato,What color is the tomato?,blue,red,arbitration_dataset/images/color/color_0445_cf.png,arbitration_dataset/images/color/color_0445_std.png,visual_counterfact
color_0446,color,toucan,What color is the toucan?,orange,black,arbitration_dataset/images/color/color_0446_cf.png,arbitration_dataset/images/color/color_0446_std.png,visual_counterfact
color_0447,color,tow truck,What color is the tow truck?,purple,yellow,arbitration_dataset/images/color/color_0447_cf.png,arbitration_dataset/images/color/color_0447_std.png,visual_counterfact
color_0448,color,trailer truck,What color is the trailer truck?,orange,white,arbitration_dataset/images/color/color_0448_cf.png,arbitration_dataset/images/color/color_0448_std.png,visual_counterfact
color_0449,color,tree frog,What color is the tree frog?,blue,green,arbitration_dataset/images/color/color_0449_cf.png,arbitration_dataset/images/color/color_0449_std.png,visual_counterfact
color_0450,color,tricycle,What color is the tricycle?,green,red,arbitration_dataset/images/color/color_0450_cf.png,arbitration_dataset/images/color/color_0450_std.png,visual_counterfact
color_0451,color,tripod,What color is the tripod?,pink,black,arbitration_dataset/images/color/color_0451_cf.png,arbitration_dataset/images/color/color_0451_std.png,visual_counterfact
color_0452,color,trombone,What color is the trombone?,purple,gold,arbitration_dataset/images/color/color_0452_cf.png,arbitration_dataset/images/color/color_0452_std.png,visual_counterfact
color_0453,color,truck,What color is the truck?,purple,white,arbitration_dataset/images/color/color_0453_cf.png,arbitration_dataset/images/color/color_0453_std.png,visual_counterfact
color_0454,color,trumpet,What color is the trumpet?,blue,gold,arbitration_dataset/images/color/color_0454_cf.png,arbitration_dataset/images/color/color_0454_std.png,visual_counterfact
color_0455,color,tub,What color is the tub?,red,white,arbitration_dataset/images/color/color_0455_cf.png,arbitration_dataset/images/color/color_0455_std.png,visual_counterfact
color_0456,color,tuba,What color is the tuba?,red,gold,arbitration_dataset/images/color/color_0456_cf.png,arbitration_dataset/images/color/color_0456_std.png,visual_counterfact
color_0457,color,turkey,What color is the turkey?,blue,brown,arbitration_dataset/images/color/color_0457_cf.png,arbitration_dataset/images/color/color_0457_std.png,visual_counterfact
color_0458,color,turnip,What color is the turnip?,blue,white,arbitration_dataset/images/color/color_0458_cf.png,arbitration_dataset/images/color/color_0458_std.png,visual_counterfact
color_0459,color,turtle,What color is the turtle?,purple,green,arbitration_dataset/images/color/color_0459_cf.png,arbitration_dataset/images/color/color_0459_std.png,visual_counterfact
color_0460,color,typewriter,What color is the typewriter?,yellow,black,arbitration_dataset/images/color/color_0460_cf.png,arbitration_dataset/images/color/color_0460_std.png,visual_counterfact
color_0461,color,van,What color is the van?,green,white,arbitration_dataset/images/color/color_0461_cf.png,arbitration_dataset/images/color/color_0461_std.png,visual_counterfact
color_0462,color,veil,What color is the veil?,yellow,white,arbitration_dataset/images/color/color_0462_cf.png,arbitration_dataset/images/color/color_0462_std.png,visual_counterfact
color_0463,color,vine,What color is the vine?,blue,green,arbitration_dataset/images/color/color_0463_cf.png,arbitration_dataset/images/color/color_0463_std.png,visual_counterfact
color_0464,color,vine snake,What color is the vine snake?,brown,green,arbitration_dataset/images/color/color_0464_cf.png,arbitration_dataset/images/color/color_0464_std.png,visual_counterfact
color_0465,color,violin,What color is the violin?,purple,brown,arbitration_dataset/images/color/color_0465_cf.png,arbitration_dataset/images/color/color_0465_std.png,visual_counterfact
color_0466,color,vulture,What color is the vulture?,green,brown,arbitration_dataset/images/color/color_0466_cf.png,arbitration_dataset/images/color/color_0466_std.png,visual_counterfact
color_0467,color,waffle iron,What color is the waffle iron?,pink,black,arbitration_dataset/images/color/color_0467_cf.png,arbitration_dataset/images/color/color_0467_std.png,visual_counterfact
color_0468,color,wagon,What color is the wagon?,brown,red,arbitration_dataset/images/color/color_0468_cf.png,arbitration_dataset/images/color/color_0468_std.png,visual_counterfact
color_0469,color,wallaby,What color is the wallaby?,blue,brown,arbitration_dataset/images/color/color_0469_cf.png,arbitration_dataset/images/color/color_0469_std.png,visual_counterfact
color_0470,color,wallet,What color is the wallet?,purple,black,arbitration_dataset/images/color/color_0470_cf.png,arbitration_dataset/images/color/color_0470_std.png,visual_counterfact
color_0471,color,walnut,What color is the walnut?,red,brown,arbitration_dataset/images/color/color_0471_cf.png,arbitration_dataset/images/color/color_0471_std.png,visual_counterfact
color_0472,color,walrus,What color is the walrus?,blue,brown,arbitration_dataset/images/color/color_0472_cf.png,arbitration_dataset/images/color/color_0472_std.png,visual_counterfact
color_0473,color,warthog,What color is the warthog?,pink,brown,arbitration_dataset/images/color/color_0473_cf.png,arbitration_dataset/images/color/color_0473_std.png,visual_counterfact
color_0474,color,washer,What color is the washer?,pink,white,arbitration_dataset/images/color/color_0474_cf.png,arbitration_dataset/images/color/color_0474_std.png,visual_counterfact
color_0475,color,wasp,What color is the wasp?,red,yellow,arbitration_dataset/images/color/color_0475_cf.png,arbitration_dataset/images/color/color_0475_std.png,visual_counterfact
color_0476,color,water buffalo,What color is the water buffalo?,red,grey,arbitration_dataset/images/color/color_0476_cf.png,arbitration_dataset/images/color/color_0476_std.png,visual_counterfact
color_0477,color,weasel,What color is the weasel?,pink,brown,arbitration_dataset/images/color/color_0477_cf.png,arbitration_dataset/images/color/color_0477_std.png,visual_counterfact
color_0478,color,whale,What color is the whale?,pink,grey,arbitration_dataset/images/color/color_0478_cf.png,arbitration_dataset/images/color/color_0478_std.png,visual_counterfact
color_0479,color,wheelbarrow,What color is the wheelbarrow?,purple,green,arbitration_dataset/images/color/color_0479_cf.png,arbitration_dataset/images/color/color_0479_std.png,visual_counterfact
color_0480,color,whip,What color is the whip?,pink,black,arbitration_dataset/images/color/color_0480_cf.png,arbitration_dataset/images/color/color_0480_std.png,visual_counterfact
color_0481,color,whiskey jug,What color is the whiskey jug?,purple,brown,arbitration_dataset/images/color/color_0481_cf.png,arbitration_dataset/images/color/color_0481_std.png,visual_counterfact
color_0482,color,white wolf,What color is the white wolf?,brown,white,arbitration_dataset/images/color/color_0482_cf.png,arbitration_dataset/images/color/color_0482_std.png,visual_counterfact
color_0483,color,wild boar,What color is the wild boar?,green,brown,arbitration_dataset/images/color/color_0483_cf.png,arbitration_dataset/images/color/color_0483_std.png,visual_counterfact
color_0484,color,wine bottle,What color is the wine bottle?,purple,green,arbitration_dataset/images/color/color_0484_cf.png,arbitration_dataset/images/color/color_0484_std.png,visual_counterfact
color_0485,color,wok,What color is the wok?,yellow,black,arbitration_dataset/images/color/color_0485_cf.png,arbitration_dataset/images/color/color_0485_std.png,visual_counterfact
color_0486,color,wolf,What color is the wolf?,orange,grey,arbitration_dataset/images/color/color_0486_cf.png,arbitration_dataset/images/color/color_0486_std.png,visual_counterfact
color_0487,color,wombat,What color is the wombat?,green,brown,arbitration_dataset/images/color/color_0487_cf.png,arbitration_dataset/images/color/color_0487_std.png,visual_counterfact
color_0488,color,worm,What color is the worm?,purple,brown,arbitration_dataset/images/color/color_0488_cf.png,arbitration_dataset/images/color/color_0488_std.png,visual_counterfact
color_0489,color,wrench,What color is the wrench?,orange,silver,arbitration_dataset/images/color/color_0489_cf.png,arbitration_dataset/images/color/color_0489_std.png,visual_counterfact
color_0490,color,yam,What color is the yam?,green,orange,arbitration_dataset/images/color/color_0490_cf.png,arbitration_dataset/images/color/color_0490_std.png,visual_counterfact
color_0491,color,yellow lady's slipper,What color is the yellow lady's slipper?,pink,yellow,arbitration_dataset/images/color/color_0491_cf.png,arbitration_dataset/images/color/color_0491_std.png,visual_counterfact
color_0492,color,yurt,What color is the yurt?,orange,white,arbitration_dataset/images/color/color_0492_cf.png,arbitration_dataset/images/color/color_0492_std.png,visual_counterfact
color_0493,color,zucchini,What color is the zucchini?,orange,green,arbitration_dataset/images/color/color_0493_cf.png,arbitration_dataset/images/color/color_0493_std.png,visual_counterfact
size_0001,size,Doberman,"Which is bigger, the Doberman?",doberman,tree,arbitration_dataset/images/size/size_0001_cf.png,arbitration_dataset/images/size/size_0001_std.png,visual_counterfact
size_0002,size,Gila monster,"Which is bigger, the Gila monster?",nail,gila monster,arbitration_dataset/images/size/size_0002_cf.png,arbitration_dataset/images/size/size_0002_std.png,visual_counterfact
size_0003,size,Gila monster,"Which is bigger, the Gila monster?",gila monster,snowplow,arbitration_dataset/images/size/size_0003_cf.png,arbitration_dataset/images/size/size_0003_std.png,visual_counterfact
size_0004,size,Komodo dragon,"Which is bigger, the Komodo dragon?",komodo dragon,rocket,arbitration_dataset/images/size/size_0004_cf.png,arbitration_dataset/images/size/size_0004_std.png,visual_counterfact
size_0005,size,Loafer,"Which is bigger, the Loafer?",cigarette,loafer,arbitration_dataset/images/size/size_0005_cf.png,arbitration_dataset/images/size/size_0005_std.png,visual_counterfact
size_0006,size,Newfoundland,"Which is bigger, the Newfoundland?",newfoundland,rocket,arbitration_dataset/images/size/size_0006_cf.png,arbitration_dataset/images/size/size_0006_std.png,visual_counterfact
size_0007,size,Newfoundland,"Which is bigger, the Newfoundland?",salamander,newfoundland,arbitration_dataset/images/size/size_0007_cf.png,arbitration_dataset/images/size/size_0007_std.png,visual_counterfact
size_0008,size,Pomeranian,"Which is bigger, the Pomeranian?",pomeranian,tow truck,arbitration_dataset/images/size/size_0008_cf.png,arbitration_dataset/images/size/size_0008_std.png,visual_counterfact
size_0009,size,Pomeranian,"Which is bigger, the Pomeranian?",lacewing,pomeranian,arbitration_dataset/images/size/size_0009_cf.png,arbitration_dataset/images/size/size_0009_std.png,visual_counterfact
size_0010,size,RV,"Which is bigger, the RV?",rv,pyramid,arbitration_dataset/images/size/size_0010_cf.png,arbitration_dataset/images/size/size_0010_std.png,visual_counterfact
size_0011,size,Rottweiler,"Which is bigger, the Rottweiler?",lens cap,rottweiler,arbitration_dataset/images/size/size_0011_cf.png,arbitration_dataset/images/size/size_0011_std.png,visual_counterfact
size_0012,size,Rottweiler,"Which is bigger, the Rottweiler?",rottweiler,tree,arbitration_dataset/images/size/size_0012_cf.png,arbitration_dataset/images/size/size_0012_std.png,visual_counterfact
size_0013,size,Samoyed,"Which is bigger, the Samoyed?",samoyed,buckeye,arbitration_dataset/images/size/size_0013_cf.png,arbitration_dataset/images/size/size_0013_std.png,visual_counterfact
size_0014,size,Samoyed,"Which is bigger, the Samoyed?",lipstick,samoyed,arbitration_dataset/images/size/size_0014_cf.png,arbitration_dataset/images/size/size_0014_std.png,visual_counterfact
size_0015,size,Weimaraner,"Which is bigger, the Weimaraner?",weimaraner,tree,arbitration_dataset/images/size/size_0015_cf.png,arbitration_dataset/images/size/size_0015_std.png,visual_counterfact
size_0016,size,Weimaraner,"Which is bigger, the Weimaraner?",flashlight,weimaraner,arbitration_dataset/images/size/size_0016_cf.png,arbitration_dataset/images/size/size_0016_std.png,visual_counterfact
size_0017,size,acorn,"Which is bigger, the acorn?",ladybug,acorn,arbitration_dataset/images/size/size_0017_cf.png,arbitration_dataset/images/size/size_0017_std.png,visual_counterfact
size_0018,size,affenpinscher,"Which is bigger, the affenpinscher?",eraser,affenpinscher,arbitration_dataset/images/size/size_0018_cf.png,arbitration_dataset/images/size/size_0018_std.png,visual_counterfact
size_0019,size,affenpinscher,"Which is bigger, the affenpinscher?",affenpinscher,lifeboat,arbitration_dataset/images/size/size_0019_cf.png,arbitration_dataset/images/size/size_0019_std.png,visual_counterfact
size_0020,size,albatross,"Which is bigger, the albatross?",cocktail shaker,albatross,arbitration_dataset/images/size/size_0020_cf.png,arbitration_dataset/images/size/size_0020_std.png,visual_counterfact
size_0021,size,alligator,"Which is bigger, the alligator?",alligator,birch,arbitration_dataset/images/size/size_0021_cf.png,arbitration_dataset/images/size/size_0021_std.png,visual_counterfact
size_0022,size,apple,"Which is bigger, the apple?",emerald,apple,arbitration_dataset/images/size/size_0022_cf.png,arbitration_dataset/images/size/size_0022_std.png,visual_counterfact
size_0023,size,apples,"Which is bigger, the apples?",apples,dog,arbitration_dataset/images/size/size_0023_cf.png,arbitration_dataset/images/size/size_0023_std.png,visual_counterfact
size_0024,size,armadillo,"Which is bigger, the armadillo?",butterfly,armadillo,arbitration_dataset/images/size/size_0024_cf.png,arbitration_dataset/images/size/size_0024_std.png,visual_counterfact
size_0025,size,armour,"Which is bigger, the armour?",armour,barn,arbitration_dataset/images/size/size_0025_cf.png,arbitration_dataset/images/size/size_0025_std.png,visual_counterfact
size_0026,size,armour,"Which is bigger, the armour?",lime,armour,arbitration_dataset/images/size/size_0026_cf.png,arbitration_dataset/images/size/size_0026_std.png,visual_counterfact
size_0027,size,artichoke,"Which is bigger, the artichoke?",matchstick,artichoke,arbitration_dataset/images/size/size_0027_cf.png,arbitration_dataset/images/size/size_0027_std.png,visual_counterfact
size_0028,size,artichoke,"Which is bigger, the artichoke?",artichoke,stork,arbitration_dataset/images/size/size_0028_cf.png,arbitration_dataset/images/size/size_0028_std.png,visual_counterfact
size_0029,size,asparagus,"Which is bigger, the asparagus?",asparagus,jeans,arbitration_dataset/images/size/size_0029_cf.png,arbitration_dataset/images/size/size_0029_std.png,visual_counterfact
size_0030,size,asparagus,"Which is bigger, the asparagus?",emerald,asparagus,arbitration_dataset/images/size/size_0030_cf.png,arbitration_dataset/images/size/size_0030_std.png,visual_counterfact
size_0031,size,avocado,"Which is bigger, the avocado?",avocado,gorilla,arbitration_dataset/images/size/size_0031_cf.png,arbitration_dataset/images/size/size_0031_std.png,visual_counterfact
size_0032,size,avocado,"Which is bigger, the avocado?",spider,avocado,arbitration_dataset/images/size/size_0032_cf.png,arbitration_dataset/images/size/size_0032_std.png,visual_counterfact
size_0033,size,axolotl,"Which is bigger, the axolotl?",axolotl,table,arbitration_dataset/images/size/size_0033_cf.png,arbitration_dataset/images/size/size_0033_std.png,visual_counterfact
size_0034,size,axolotl,"Which is bigger, the axolotl?",safety pin,axolotl,arbitration_dataset/images/size/size_0034_cf.png,arbitration_dataset/images/size/size_0034_std.png,visual_counterfact
size_0035,size,bagel,"Which is bigger, the bagel?",bagel,stork,arbitration_dataset/images/size/size_0035_cf.png,arbitration_dataset/images/size/size_0035_std.png,visual_counterfact
size_0036,size,bagel,"Which is bigger, the bagel?",matchstick,bagel,arbitration_dataset/images/size/size_0036_cf.png,arbitration_dataset/images/size/size_0036_std.png,visual_counterfact
size_0037,size,ballpoint,"Which is bigger, the ballpoint?",ballpoint,punching bag,arbitration_dataset/images/size/size_0037_cf.png,arbitration_dataset/images/size/size_0037_std.png,visual_counterfact
size_0038,size,ballpoint,"Which is bigger, the ballpoint?",rapeseed,ballpoint,arbitration_dataset/images/size/size_0038_cf.png,arbitration_dataset/images/size/size_0038_std.png,visual_counterfact
size_0039,size,banana,"Which is bigger, the banana?",peas,banana,arbitration_dataset/images/size/size_0039_cf.png,arbitration_dataset/images/size/size_0039_std.png,visual_counterfact
size_0040,size,barrel,"Which is bigger, the barrel?",barrel,barn,arbitration_dataset/images/size/size_0040_cf.png,arbitration_dataset/images/size/size_0040_std.png,visual_counterfact
size_0041,size,barrel,"Which is bigger, the barrel?",lime,barrel,arbitration_dataset/images/size/size_0041_cf.png,arbitration_dataset/images/size/size_0041_std.png,visual_counterfact
size_0042,size,baseball,"Which is bigger, the baseball?",baseball,orangutan,arbitration_dataset/images/size/size_0042_cf.png,arbitration_dataset/images/size/size_0042_std.png,visual_counterfact
size_0043,size,baseball,"Which is bigger, the baseball?",safety pin,baseball,arbitration_dataset/images/size/size_0043_cf.png,arbitration_dataset/images/size/size_0043_std.png,visual_counterfact
size_0044,size,basketball,"Which is bigger, the basketball?",caterpillar,basketball,arbitration_dataset/images/size/size_0044_cf.png,arbitration_dataset/images/size/size_0044_std.png,visual_counterfact
size_0045,size,bassoon,"Which is bigger, the bassoon?",earthstar,bassoon,arbitration_dataset/images/size/size_0045_cf.png,arbitration_dataset/images/size/size_0045_std.png,visual_counterfact
size_0046,size,bassoon,"Which is bigger, the bassoon?",bassoon,truck,arbitration_dataset/images/size/size_0046_cf.png,arbitration_dataset/images/size/size_0046_std.png,visual_counterfact
size_0047,size,bat,"Which is bigger, the bat?",bat,ox,arbitration_dataset/images/size/size_0047_cf.png,arbitration_dataset/images/size/size_0047_std.png,visual_counterfact
size_0048,size,bat,"Which is bigger, the bat?",raisin,bat,arbitration_dataset/images/size/size_0048_cf.png,arbitration_dataset/images/size/size_0048_std.png,visual_counterfact
size_0049,size,beacon,"Which is bigger, the beacon?",beacon,tree,arbitration_dataset/images/size/size_0049_cf.png,arbitration_dataset/images/size/size_0049_std.png,visual_counterfact
size_0050,size,beacon,"Which is bigger, the beacon?",apples,beacon,arbitration_dataset/images/size/size_0050_cf.png,arbitration_dataset/images/size/size_0050_std.png,visual_counterfact
size_0051,size,beans,"Which is bigger, the beans?",beans,turnip,arbitration_dataset/images/size/size_0051_cf.png,arbitration_dataset/images/size/size_0051_std.png,visual_counterfact
size_0052,size,beans,"Which is bigger, the beans?",wasp,beans,arbitration_dataset/images/size/size_0052_cf.png,arbitration_dataset/images/size/size_0052_std.png,visual_counterfact
size_0053,size,bear,"Which is bigger, the bear?",daisy,bear,arbitration_dataset/images/size/size_0053_cf.png,arbitration_dataset/images/size/size_0053_std.png,visual_counterfact
size_0054,size,bear,"Which is bigger, the bear?",spinach,bear,arbitration_dataset/images/size/size_0054_cf.png,arbitration_dataset/images/size/size_0054_std.png,visual_counterfact
size_0055,size,bear,"Which is bigger, the bear?",bear,rocket,arbitration_dataset/images/size/size_0055_cf.png,arbitration_dataset/images/size/size_0055_std.png,visual_counterfact
size_0056,size,bearskin,"Which is bigger, the bearskin?",bullfrog,bearskin,arbitration_dataset/images/size/size_0056_cf.png,arbitration_dataset/images/size/size_0056_std.png,visual_counterfact
size_0057,size,beaver,"Which is bigger, the beaver?",beaver,bus,arbitration_dataset/images/size/size_0057_cf.png,arbitration_dataset/images/size/size_0057_std.png,visual_counterfact
size_0058,size,beaver,"Which is bigger, the beaver?",key,beaver,arbitration_dataset/images/size/size_0058_cf.png,arbitration_dataset/images/size/size_0058_std.png,visual_counterfact
size_0059,size,beehive,"Which is bigger, the beehive?",hornet,beehive,arbitration_dataset/images/size/size_0059_cf.png,arbitration_dataset/images/size/size_0059_std.png,visual_counterfact
size_0060,size,beetle,"Which is bigger, the beetle?",ant,beetle,arbitration_dataset/images/size/size_0060_cf.png,arbitration_dataset/images/size/size_0060_std.png,visual_counterfact
size_0061,size,beetle,"Which is bigger, the beetle?",beetle,chinese lantern,arbitration_dataset/images/size/size_0061_cf.png,arbitration_dataset/images/size/size_0061_std.png,visual_counterfact
size_0062,size,beetle,"Which is bigger, the beetle?",beetle,mantis,arbitration_dataset/images/size/size_0062_cf.png,arbitration_dataset/images/size/size_0062_std.png,visual_counterfact
size_0063,size,beets,"Which is bigger, the beets?",beets,buzzard,arbitration_dataset/images/size/size_0063_cf.png,arbitration_dataset/images/size/size_0063_std.png,visual_counterfact
size_0064,size,beets,"Which is bigger, the beets?",peas,beets,arbitration_dataset/images/size/size_0064_cf.png,arbitration_dataset/images/size/size_0064_std.png,visual_counterfact
size_0065,size,bench,"Which is bigger, the bench?",bench,rocket,arbitration_dataset/images/size/size_0065_cf.png,arbitration_dataset/images/size/size_0065_std.png,visual_counterfact
size_0066,size,bench,"Which is bigger, the bench?",salamander,bench,arbitration_dataset/images/size/size_0066_cf.png,arbitration_dataset/images/size/size_0066_std.png,visual_counterfact
size_0067,size,bench,"Which is bigger, the bench?",bench,rocket,arbitration_dataset/images/size/size_0067_cf.png,arbitration_dataset/images/size/size_0067_std.png,visual_counterfact
size_0068,size,bench,"Which is bigger, the bench?",salamander,bench,arbitration_dataset/images/size/size_0068_cf.png,arbitration_dataset/images/size/size_0068_std.png,visual_counterfact
size_0069,size,binoculars,"Which is bigger, the binoculars?",matchstick,binoculars,arbitration_dataset/images/size/size_0069_cf.png,arbitration_dataset/images/size/size_0069_std.png,visual_counterfact
size_0070,size,binoculars,"Which is bigger, the binoculars?",binoculars,shark,arbitration_dataset/images/size/size_0070_cf.png,arbitration_dataset/images/size/size_0070_std.png,visual_counterfact
size_0071,size,birch,"Which is bigger, the birch?",jeans,birch,arbitration_dataset/images/size/size_0071_cf.png,arbitration_dataset/images/size/size_0071_std.png,visual_counterfact
size_0072,size,bird,"Which is bigger, the bird?",bird,lifeboat,arbitration_dataset/images/size/size_0072_cf.png,arbitration_dataset/images/size/size_0072_std.png,visual_counterfact
size_0073,size,bird,"Which is bigger, the bird?",eraser,bird,arbitration_dataset/images/size/size_0073_cf.png,arbitration_dataset/images/size/size_0073_std.png,visual_counterfact
size_0074,size,bison,"Which is bigger, the bison?",dove,bison,arbitration_dataset/images/size/size_0074_cf.png,arbitration_dataset/images/size/size_0074_std.png,visual_counterfact
size_0075,size,bison,"Which is bigger, the bison?",bison,birch,arbitration_dataset/images/size/size_0075_cf.png,arbitration_dataset/images/size/size_0075_std.png,visual_counterfact
size_0076,size,bittern,"Which is bigger, the bittern?",bittern,rv,arbitration_dataset/images/size/size_0076_cf.png,arbitration_dataset/images/size/size_0076_std.png,visual_counterfact
size_0077,size,bittern,"Which is bigger, the bittern?",mantis,bittern,arbitration_dataset/images/size/size_0077_cf.png,arbitration_dataset/images/size/size_0077_std.png,visual_counterfact
size_0078,size,blackbird,"Which is bigger, the blackbird?",raspberry,blackbird,arbitration_dataset/images/size/size_0078_cf.png,arbitration_dataset/images/size/size_0078_std.png,visual_counterfact
size_0079,size,blackbird,"Which is bigger, the blackbird?",blackbird,buffalo,arbitration_dataset/images/size/size_0079_cf.png,arbitration_dataset/images/size/size_0079_std.png,visual_counterfact
size_0080,size,blueberry,"Which is bigger, the blueberry?",grape,blueberry,arbitration_dataset/images/size/size_0080_cf.png,arbitration_dataset/images/size/size_0080_std.png,visual_counterfact
size_0081,size,blueberry,"Which is bigger, the blueberry?",blueberry,bread,arbitration_dataset/images/size/size_0081_cf.png,arbitration_dataset/images/size/size_0081_std.png,visual_counterfact
size_0082,size,bluejay,"Which is bigger, the bluejay?",bluejay,ox,arbitration_dataset/images/size/size_0082_cf.png,arbitration_dataset/images/size/size_0082_std.png,visual_counterfact
size_0083,size,bluejay,"Which is bigger, the bluejay?",cranberry,bluejay,arbitration_dataset/images/size/size_0083_cf.png,arbitration_dataset/images/size/size_0083_std.png,visual_counterfact
size_0084,size,boar,"Which is bigger, the boar?",boar,tree,arbitration_dataset/images/size/size_0084_cf.png,arbitration_dataset/images/size/size_0084_std.png,visual_counterfact
size_0085,size,boar,"Which is bigger, the boar?",binoculars,boar,arbitration_dataset/images/size/size_0085_cf.png,arbitration_dataset/images/size/size_0085_std.png,visual_counterfact
size_0086,size,boat,"Which is bigger, the boat?",loudspeaker,boat,arbitration_dataset/images/size/size_0086_cf.png,arbitration_dataset/images/size/size_0086_std.png,visual_counterfact
size_0087,size,boat,"Which is bigger, the boat?",boat,container ship,arbitration_dataset/images/size/size_0087_cf.png,arbitration_dataset/images/size/size_0087_std.png,visual_counterfact
size_0088,size,bookcase,"Which is bigger, the bookcase?",watch,bookcase,arbitration_dataset/images/size/size_0088_cf.png,arbitration_dataset/images/size/size_0088_std.png,visual_counterfact
size_0089,size,bottle,"Which is bigger, the bottle?",cranberry,bottle,arbitration_dataset/images/size/size_0089_cf.png,arbitration_dataset/images/size/size_0089_std.png,visual_counterfact
size_0090,size,bottle,"Which is bigger, the bottle?",bottle,walrus,arbitration_dataset/images/size/size_0090_cf.png,arbitration_dataset/images/size/size_0090_std.png,visual_counterfact
size_0091,size,bottle,"Which is bigger, the bottle?",acorn,bottle,arbitration_dataset/images/size/size_0091_cf.png,arbitration_dataset/images/size/size_0091_std.png,visual_counterfact
size_0092,size,bottle,"Which is bigger, the bottle?",bottle,shark,arbitration_dataset/images/size/size_0092_cf.png,arbitration_dataset/images/size/size_0092_std.png,visual_counterfact
size_0093,size,bottle,"Which is bigger, the bottle?",ring,bottle,arbitration_dataset/images/size/size_0093_cf.png,arbitration_dataset/images/size/size_0093_std.png,visual_counterfact
size_0094,size,bottle,"Which is bigger, the bottle?",bottle,raft,arbitration_dataset/images/size/size_0094_cf.png,arbitration_dataset/images/size/size_0094_std.png,visual_counterfact
size_0095,size,bowl,"Which is bigger, the bowl?",bowl,marimba,arbitration_dataset/images/size/size_0095_cf.png,arbitration_dataset/images/size/size_0095_std.png,visual_counterfact
size_0096,size,bowl,"Which is bigger, the bowl?",matchstick,bowl,arbitration_dataset/images/size/size_0096_cf.png,arbitration_dataset/images/size/size_0096_std.png,visual_counterfact
size_0097,size,box,"Which is bigger, the box?",box,truck,arbitration_dataset/images/size/size_0097_cf.png,arbitration_dataset/images/size/size_0097_std.png,visual_counterfact
size_0098,size,bread,"Which is bigger, the bread?",bread,van,arbitration_dataset/images/size/size_0098_cf.png,arbitration_dataset/images/size/size_0098_std.png,visual_counterfact
size_0099,size,bread,"Which is bigger, the bread?",beetle,bread,arbitration_dataset/images/size/size_0099_cf.png,arbitration_dataset/images/size/size_0099_std.png,visual_counterfact
size_0100,size,bread,"Which is bigger, the bread?",bread,giraffe,arbitration_dataset/images/size/size_0100_cf.png,arbitration_dataset/images/size/size_0100_std.png,visual_counterfact
size_0101,size,broccoli,"Which is bigger, the broccoli?",broccoli,walrus,arbitration_dataset/images/size/size_0101_cf.png,arbitration_dataset/images/size/size_0101_std.png,visual_counterfact
size_0102,size,broccoli,"Which is bigger, the broccoli?",cranberry,broccoli,arbitration_dataset/images/size/size_0102_cf.png,arbitration_dataset/images/size/size_0102_std.png,visual_counterfact
size_0103,size,broom,"Which is bigger, the broom?",lizard,broom,arbitration_dataset/images/size/size_0103_cf.png,arbitration_dataset/images/size/size_0103_std.png,visual_counterfact
size_0104,size,broom,"Which is bigger, the broom?",broom,catamaran,arbitration_dataset/images/size/size_0104_cf.png,arbitration_dataset/images/size/size_0104_std.png,visual_counterfact
size_0105,size,buckeye,"Which is bigger, the buckeye?",buckeye,pyramid,arbitration_dataset/images/size/size_0105_cf.png,arbitration_dataset/images/size/size_0105_std.png,visual_counterfact
size_0106,size,buckeye,"Which is bigger, the buckeye?",parking meter,buckeye,arbitration_dataset/images/size/size_0106_cf.png,arbitration_dataset/images/size/size_0106_std.png,visual_counterfact
size_0107,size,budgie,"Which is bigger, the budgie?",budgie,marimba,arbitration_dataset/images/size/size_0107_cf.png,arbitration_dataset/images/size/size_0107_std.png,visual_counterfact
size_0108,size,budgie,"Which is bigger, the budgie?",matchstick,budgie,arbitration_dataset/images/size/size_0108_cf.png,arbitration_dataset/images/size/size_0108_std.png,visual_counterfact
size_0109,size,buffalo,"Which is bigger, the buffalo?",buffalo,space shuttle,arbitration_dataset/images/size/size_0109_cf.png,arbitration_dataset/images/size/size_0109_std.png,visual_counterfact
size_0110,size,buffalo,"Which is bigger, the buffalo?",buffalo,birch,arbitration_dataset/images/size/size_0110_cf.png,arbitration_dataset/images/size/size_0110_std.png,visual_counterfact
size_0111,size,buffalo,"Which is bigger, the buffalo?",oriole,buffalo,arbitration_dataset/images/size/size_0111_cf.png,arbitration_dataset/images/size/size_0111_std.png,visual_counterfact
size_0112,size,bullfrog,"Which is bigger, the bullfrog?",ring,bullfrog,arbitration_dataset/images/size/size_0112_cf.png,arbitration_dataset/images/size/size_0112_std.png,visual_counterfact
size_0113,size,bus,"Which is bigger, the bus?",otter,bus,arbitration_dataset/images/size/size_0113_cf.png,arbitration_dataset/images/size/size_0113_std.png,visual_counterfact
size_0114,size,butterfly,"Which is bigger, the butterfly?",butterfly,shelves,arbitration_dataset/images/size/size_0114_cf.png,arbitration_dataset/images/size/size_0114_std.png,visual_counterfact
size_0115,size,butterfly,"Which is bigger, the butterfly?",butterfly,sink,arbitration_dataset/images/size/size_0115_cf.png,arbitration_dataset/images/size/size_0115_std.png,visual_counterfact
size_0116,size,buzzard,"Which is bigger, the buzzard?",buzzard,barn,arbitration_dataset/images/size/size_0116_cf.png,arbitration_dataset/images/size/size_0116_std.png,visual_counterfact
size_0117,size,cabbage,"Which is bigger, the cabbage?",cabbage,chainlink,arbitration_dataset/images/size/size_0117_cf.png,arbitration_dataset/images/size/size_0117_std.png,visual_counterfact
size_0118,size,cabbage,"Which is bigger, the cabbage?",cigarette,cabbage,arbitration_dataset/images/size/size_0118_cf.png,arbitration_dataset/images/size/size_0118_std.png,visual_counterfact
size_0119,size,cabbage,"Which is bigger, the cabbage?",grasshopper,cabbage,arbitration_dataset/images/size/size_0119_cf.png,arbitration_dataset/images/size/size_0119_std.png,visual_counterfact
size_0120,size,cabin,"Which is bigger, the cabin?",armadillo,cabin,arbitration_dataset/images/size/size_0120_cf.png,arbitration_dataset/images/size/size_0120_std.png,visual_counterfact
size_0121,size,cabin,"Which is bigger, the cabin?",cabin,pyramid,arbitration_dataset/images/size/size_0121_cf.png,arbitration_dataset/images/size/size_0121_std.png,visual_counterfact
size_0122,size,camel,"Which is bigger, the camel?",dove,camel,arbitration_dataset/images/size/size_0122_cf.png,arbitration_dataset/images/size/size_0122_std.png,visual_counterfact
size_0123,size,camel,"Which is bigger, the camel?",camel,birch,arbitration_dataset/images/size/size_0123_cf.png,arbitration_dataset/images/size/size_0123_std.png,visual_counterfact
size_0124,size,camel,"Which is bigger, the camel?",meerkat,camel,arbitration_dataset/images/size/size_0124_cf.png,arbitration_dataset/images/size/size_0124_std.png,visual_counterfact
size_0125,size,camel,"Which is bigger, the camel?",camel,airliner,arbitration_dataset/images/size/size_0125_cf.png,arbitration_dataset/images/size/size_0125_std.png,visual_counterfact
size_0126,size,camera,"Which is bigger, the camera?",ring,camera,arbitration_dataset/images/size/size_0126_cf.png,arbitration_dataset/images/size/size_0126_std.png,visual_counterfact
size_0127,size,canary,"Which is bigger, the canary?",beans,canary,arbitration_dataset/images/size/size_0127_cf.png,arbitration_dataset/images/size/size_0127_std.png,visual_counterfact
size_0128,size,canary,"Which is bigger, the canary?",canary,deer,arbitration_dataset/images/size/size_0128_cf.png,arbitration_dataset/images/size/size_0128_std.png,visual_counterfact
size_0129,size,candle,"Which is bigger, the candle?",safety pin,candle,arbitration_dataset/images/size/size_0129_cf.png,arbitration_dataset/images/size/size_0129_std.png,visual_counterfact
size_0130,size,candle,"Which is bigger, the candle?",candle,seal,arbitration_dataset/images/size/size_0130_cf.png,arbitration_dataset/images/size/size_0130_std.png,visual_counterfact
size_0131,size,cannon,"Which is bigger, the cannon?",cannon,birch,arbitration_dataset/images/size/size_0131_cf.png,arbitration_dataset/images/size/size_0131_std.png,visual_counterfact
size_0132,size,cannon,"Which is bigger, the cannon?",chickadee,cannon,arbitration_dataset/images/size/size_0132_cf.png,arbitration_dataset/images/size/size_0132_std.png,visual_counterfact
size_0133,size,cantaloupe,"Which is bigger, the cantaloupe?",cranberry,cantaloupe,arbitration_dataset/images/size/size_0133_cf.png,arbitration_dataset/images/size/size_0133_std.png,visual_counterfact
size_0134,size,car,"Which is bigger, the car?",tench,car,arbitration_dataset/images/size/size_0134_cf.png,arbitration_dataset/images/size/size_0134_std.png,visual_counterfact
size_0135,size,car,"Which is bigger, the car?",tench,car,arbitration_dataset/images/size/size_0135_cf.png,arbitration_dataset/images/size/size_0135_std.png,visual_counterfact
size_0136,size,car,"Which is bigger, the car?",car,steel arch bridge,arbitration_dataset/images/size/size_0136_cf.png,arbitration_dataset/images/size/size_0136_std.png,visual_counterfact
size_0137,size,car,"Which is bigger, the car?",car,steel arch bridge,arbitration_dataset/images/size/size_0137_cf.png,arbitration_dataset/images/size/size_0137_std.png,visual_counterfact
size_0138,size,car,"Which is bigger, the car?",tench,car,arbitration_dataset/images/size/size_0138_cf.png,arbitration_dataset/images/size/size_0138_std.png,visual_counterfact
size_0139,size,car,"Which is bigger, the car?",car,steel arch bridge,arbitration_dataset/images/size/size_0139_cf.png,arbitration_dataset/images/size/size_0139_std.png,visual_counterfact
size_0140,size,car,"Which is bigger, the car?",bottle,car,arbitration_dataset/images/size/size_0140_cf.png,arbitration_dataset/images/size/size_0140_std.png,visual_counterfact
size_0141,size,car,"Which is bigger, the car?",car,space shuttle,arbitration_dataset/images/size/size_0141_cf.png,arbitration_dataset/images/size/size_0141_std.png,visual_counterfact
size_0142,size,car wheel,"Which is bigger, the car wheel?",car wheel,lifeboat,arbitration_dataset/images/size/size_0142_cf.png,arbitration_dataset/images/size/size_0142_std.png,visual_counterfact
size_0143,size,car wheel,"Which is bigger, the car wheel?",eraser,car wheel,arbitration_dataset/images/size/size_0143_cf.png,arbitration_dataset/images/size/size_0143_std.png,visual_counterfact
size_0144,size,carrot,"Which is bigger, the carrot?",peas,carrot,arbitration_dataset/images/size/size_0144_cf.png,arbitration_dataset/images/size/size_0144_std.png,visual_counterfact
size_0145,size,cassette player,"Which is bigger, the cassette player?",cassette player,rv,arbitration_dataset/images/size/size_0145_cf.png,arbitration_dataset/images/size/size_0145_std.png,visual_counterfact
size_0146,size,cassette player,"Which is bigger, the cassette player?",mantis,cassette player,arbitration_dataset/images/size/size_0146_cf.png,arbitration_dataset/images/size/size_0146_std.png,visual_counterfact
size_0147,size,catamaran,"Which is bigger, the catamaran?",catamaran,pyramid,arbitration_dataset/images/size/size_0147_cf.png,arbitration_dataset/images/size/size_0147_std.png,visual_counterfact
size_0148,size,caterpillar,"Which is bigger, the caterpillar?",ladybug,caterpillar,arbitration_dataset/images/size/size_0148_cf.png,arbitration_dataset/images/size/size_0148_std.png,visual_counterfact
size_0149,size,cauliflower,"Which is bigger, the cauliflower?",cranberry,cauliflower,arbitration_dataset/images/size/size_0149_cf.png,arbitration_dataset/images/size/size_0149_std.png,visual_counterfact
size_0150,size,cauliflower,"Which is bigger, the cauliflower?",cauliflower,walrus,arbitration_dataset/images/size/size_0150_cf.png,arbitration_dataset/images/size/size_0150_std.png,visual_counterfact
size_0151,size,celery,"Which is bigger, the celery?",celery,tiger,arbitration_dataset/images/size/size_0151_cf.png,arbitration_dataset/images/size/size_0151_std.png,visual_counterfact
size_0152,size,cello,"Which is bigger, the cello?",cello,buckeye,arbitration_dataset/images/size/size_0152_cf.png,arbitration_dataset/images/size/size_0152_std.png,visual_counterfact
size_0153,size,cello,"Which is bigger, the cello?",lipstick,cello,arbitration_dataset/images/size/size_0153_cf.png,arbitration_dataset/images/size/size_0153_std.png,visual_counterfact
size_0154,size,chain mail,"Which is bigger, the chain mail?",golf ball,chain mail,arbitration_dataset/images/size/size_0154_cf.png,arbitration_dataset/images/size/size_0154_std.png,visual_counterfact
size_0155,size,chain mail,"Which is bigger, the chain mail?",chain mail,fireboat,arbitration_dataset/images/size/size_0155_cf.png,arbitration_dataset/images/size/size_0155_std.png,visual_counterfact
size_0156,size,chainlink,"Which is bigger, the chainlink?",chainlink,space shuttle,arbitration_dataset/images/size/size_0156_cf.png,arbitration_dataset/images/size/size_0156_std.png,visual_counterfact
size_0157,size,chainsaw,"Which is bigger, the chainsaw?",chainsaw,yurt,arbitration_dataset/images/size/size_0157_cf.png,arbitration_dataset/images/size/size_0157_std.png,visual_counterfact
size_0158,size,chair,"Which is bigger, the chair?",earthstar,chair,arbitration_dataset/images/size/size_0158_cf.png,arbitration_dataset/images/size/size_0158_std.png,visual_counterfact
size_0159,size,chair,"Which is bigger, the chair?",chair,truck,arbitration_dataset/images/size/size_0159_cf.png,arbitration_dataset/images/size/size_0159_std.png,visual_counterfact
size_0160,size,cheese,"Which is bigger, the cheese?",strawberry,cheese,arbitration_dataset/images/size/size_0160_cf.png,arbitration_dataset/images/size/size_0160_std.png,visual_counterfact
size_0161,size,cheese,"Which is bigger, the cheese?",cheese,ambulance,arbitration_dataset/images/size/size_0161_cf.png,arbitration_dataset/images/size/size_0161_std.png,visual_counterfact
size_0162,size,cheeseburger,"Which is bigger, the cheeseburger?",matchstick,cheeseburger,arbitration_dataset/images/size/size_0162_cf.png,arbitration_dataset/images/size/size_0162_std.png,visual_counterfact
size_0163,size,cheetah,"Which is bigger, the cheetah?",cheetah,birch,arbitration_dataset/images/size/size_0163_cf.png,arbitration_dataset/images/size/size_0163_std.png,visual_counterfact
size_0164,size,cheetah,"Which is bigger, the cheetah?",turnip,cheetah,arbitration_dataset/images/size/size_0164_cf.png,arbitration_dataset/images/size/size_0164_std.png,visual_counterfact
size_0165,size,cherry,"Which is bigger, the cherry?",beetle,cherry,arbitration_dataset/images/size/size_0165_cf.png,arbitration_dataset/images/size/size_0165_std.png,visual_counterfact
size_0166,size,cherry,"Which is bigger, the cherry?",cherry,squirrel,arbitration_dataset/images/size/size_0166_cf.png,arbitration_dataset/images/size/size_0166_std.png,visual_counterfact
size_0167,size,chickadee,"Which is bigger, the chickadee?",beans,chickadee,arbitration_dataset/images/size/size_0167_cf.png,arbitration_dataset/images/size/size_0167_std.png,visual_counterfact
size_0168,size,chimpanzee,"Which is bigger, the chimpanzee?",lycaenid,chimpanzee,arbitration_dataset/images/size/size_0168_cf.png,arbitration_dataset/images/size/size_0168_std.png,visual_counterfact
size_0169,size,chimpanzee,"Which is bigger, the chimpanzee?",chimpanzee,buckeye,arbitration_dataset/images/size/size_0169_cf.png,arbitration_dataset/images/size/size_0169_std.png,visual_counterfact
size_0170,size,chinese lantern,"Which is bigger, the chinese lantern?",chinese lantern,van,arbitration_dataset/images/size/size_0170_cf.png,arbitration_dataset/images/size/size_0170_std.png,visual_counterfact
size_0171,size,chipmunk,"Which is bigger, the chipmunk?",spider,chipmunk,arbitration_dataset/images/size/size_0171_cf.png,arbitration_dataset/images/size/size_0171_std.png,visual_counterfact
size_0172,size,chipmunk,"Which is bigger, the chipmunk?",chipmunk,dolphin,arbitration_dataset/images/size/size_0172_cf.png,arbitration_dataset/images/size/size_0172_std.png,visual_counterfact
size_0173,size,cigar,"Which is bigger, the cigar?",cigar,eel,arbitration_dataset/images/size/size_0173_cf.png,arbitration_dataset/images/size/size_0173_std.png,visual_counterfact
size_0174,size,cigarette,"Which is bigger, the cigarette?",ladybug,cigarette,arbitration_dataset/images/size/size_0174_cf.png,arbitration_dataset/images/size/size_0174_std.png,visual_counterfact
size_0175,size,cigarette,"Which is bigger, the cigarette?",cigarette,bottle,arbitration_dataset/images/size/size_0175_cf.png,arbitration_dataset/images/size/size_0175_std.png,visual_counterfact
size_0176,size,clarinet,"Which is bigger, the clarinet?",blueberry,clarinet,arbitration_dataset/images/size/size_0176_cf.png,arbitration_dataset/images/size/size_0176_std.png,visual_counterfact
size_0177,size,cleaver,"Which is bigger, the cleaver?",cigarette,cleaver,arbitration_dataset/images/size/size_0177_cf.png,arbitration_dataset/images/size/size_0177_std.png,visual_counterfact
size_0178,size,cleaver,"Which is bigger, the cleaver?",cleaver,buffalo,arbitration_dataset/images/size/size_0178_cf.png,arbitration_dataset/images/size/size_0178_std.png,visual_counterfact
size_0179,size,closet,"Which is bigger, the closet?",closet,rocket,arbitration_dataset/images/size/size_0179_cf.png,arbitration_dataset/images/size/size_0179_std.png,visual_counterfact
size_0180,size,closet,"Which is bigger, the closet?",salamander,closet,arbitration_dataset/images/size/size_0180_cf.png,arbitration_dataset/images/size/size_0180_std.png,visual_counterfact
size_0181,size,cockatoo,"Which is bigger, the cockatoo?",cockatoo,trailer,arbitration_dataset/images/size/size_0181_cf.png,arbitration_dataset/images/size/size_0181_std.png,visual_counterfact
size_0182,size,cockroach,"Which is bigger, the cockroach?",grape,cockroach,arbitration_dataset/images/size/size_0182_cf.png,arbitration_dataset/images/size/size_0182_std.png,visual_counterfact
size_0183,size,cocktail shaker,"Which is bigger, the cocktail shaker?",cigarette,cocktail shaker,arbitration_dataset/images/size/size_0183_cf.png,arbitration_dataset/images/size/size_0183_std.png,visual_counterfact
size_0184,size,cocktail shaker,"Which is bigger, the cocktail shaker?",cocktail shaker,pool table,arbitration_dataset/images/size/size_0184_cf.png,arbitration_dataset/images/size/size_0184_std.png,visual_counterfact
size_0185,size,coho,"Which is bigger, the coho?",snail,coho,arbitration_dataset/images/size/size_0185_cf.png,arbitration_dataset/images/size/size_0185_std.png,visual_counterfact
size_0186,size,colobus,"Which is bigger, the colobus?",colobus,fireboat,arbitration_dataset/images/size/size_0186_cf.png,arbitration_dataset/images/size/size_0186_std.png,visual_counterfact
size_0187,size,colobus,"Which is bigger, the colobus?",golf ball,colobus,arbitration_dataset/images/size/size_0187_cf.png,arbitration_dataset/images/size/size_0187_std.png,visual_counterfact
size_0188,size,computer mouse,"Which is bigger, the computer mouse?",computer mouse,seal,arbitration_dataset/images/size/size_0188_cf.png,arbitration_dataset/images/size/size_0188_std.png,visual_counterfact
size_0189,size,computer mouse,"Which is bigger, the computer mouse?",safety pin,computer mouse,arbitration_dataset/images/size/size_0189_cf.png,arbitration_dataset/images/size/size_0189_std.png,visual_counterfact
size_0190,size,conch,"Which is bigger, the conch?",lacewing,conch,arbitration_dataset/images/size/size_0190_cf.png,arbitration_dataset/images/size/size_0190_std.png,visual_counterfact
size_0191,size,coral,"Which is bigger, the coral?",cocktail shaker,coral,arbitration_dataset/images/size/size_0191_cf.png,arbitration_dataset/images/size/size_0191_std.png,visual_counterfact
size_0192,size,corn,"Which is bigger, the corn?",beans,corn,arbitration_dataset/images/size/size_0192_cf.png,arbitration_dataset/images/size/size_0192_std.png,visual_counterfact
size_0193,size,cougar,"Which is bigger, the cougar?",corn,cougar,arbitration_dataset/images/size/size_0193_cf.png,arbitration_dataset/images/size/size_0193_std.png,visual_counterfact
size_0194,size,cougar,"Which is bigger, the cougar?",cougar,birch,arbitration_dataset/images/size/size_0194_cf.png,arbitration_dataset/images/size/size_0194_std.png,visual_counterfact
size_0195,size,cow,"Which is bigger, the cow?",cow,birch,arbitration_dataset/images/size/size_0195_cf.png,arbitration_dataset/images/size/size_0195_std.png,visual_counterfact
size_0196,size,cow,"Which is bigger, the cow?",squirrel,cow,arbitration_dataset/images/size/size_0196_cf.png,arbitration_dataset/images/size/size_0196_std.png,visual_counterfact
size_0197,size,cowboy boot,"Which is bigger, the cowboy boot?",acorn,cowboy boot,arbitration_dataset/images/size/size_0197_cf.png,arbitration_dataset/images/size/size_0197_std.png,visual_counterfact
size_0198,size,cowboy boot,"Which is bigger, the cowboy boot?",cowboy boot,camel,arbitration_dataset/images/size/size_0198_cf.png,arbitration_dataset/images/size/size_0198_std.png,visual_counterfact
size_0199,size,crab,"Which is bigger, the crab?",cherry,crab,arbitration_dataset/images/size/size_0199_cf.png,arbitration_dataset/images/size/size_0199_std.png,visual_counterfact
size_0200,size,crab,"Which is bigger, the crab?",crab,tree,arbitration_dataset/images/size/size_0200_cf.png,arbitration_dataset/images/size/size_0200_std.png,visual_counterfact
size_0201,size,crab,"Which is bigger, the crab?",lock,crab,arbitration_dataset/images/size/size_0201_cf.png,arbitration_dataset/images/size/size_0201_std.png,visual_counterfact
size_0202,size,crab,"Which is bigger, the crab?",cigarette,crab,arbitration_dataset/images/size/size_0202_cf.png,arbitration_dataset/images/size/size_0202_std.png,visual_counterfact
size_0203,size,crab,"Which is bigger, the crab?",crab,chainlink,arbitration_dataset/images/size/size_0203_cf.png,arbitration_dataset/images/size/size_0203_std.png,visual_counterfact
size_0204,size,crab,"Which is bigger, the crab?",crab,tiger,arbitration_dataset/images/size/size_0204_cf.png,arbitration_dataset/images/size/size_0204_std.png,visual_counterfact
size_0205,size,cranberry,"Which is bigger, the cranberry?",cranberry,flute,arbitration_dataset/images/size/size_0205_cf.png,arbitration_dataset/images/size/size_0205_std.png,visual_counterfact
size_0206,size,cranberry,"Which is bigger, the cranberry?",beetle,cranberry,arbitration_dataset/images/size/size_0206_cf.png,arbitration_dataset/images/size/size_0206_std.png,visual_counterfact
size_0207,size,crane,"Which is bigger, the crane?",beehive,crane,arbitration_dataset/images/size/size_0207_cf.png,arbitration_dataset/images/size/size_0207_std.png,visual_counterfact
size_0208,size,crocodile,"Which is bigger, the crocodile?",budgie,crocodile,arbitration_dataset/images/size/size_0208_cf.png,arbitration_dataset/images/size/size_0208_std.png,visual_counterfact
size_0209,size,crow,"Which is bigger, the crow?",crow,barn,arbitration_dataset/images/size/size_0209_cf.png,arbitration_dataset/images/size/size_0209_std.png,visual_counterfact
size_0210,size,crow,"Which is bigger, the crow?",lime,crow,arbitration_dataset/images/size/size_0210_cf.png,arbitration_dataset/images/size/size_0210_std.png,visual_counterfact
size_0211,size,crown,"Which is bigger, the crown?",cigarette,crown,arbitration_dataset/images/size/size_0211_cf.png,arbitration_dataset/images/size/size_0211_std.png,visual_counterfact
size_0212,size,crown,"Which is bigger, the crown?",crown,chainlink,arbitration_dataset/images/size/size_0212_cf.png,arbitration_dataset/images/size/size_0212_std.png,visual_counterfact
size_0213,size,crutch,"Which is bigger, the crutch?",crutch,truck,arbitration_dataset/images/size/size_0213_cf.png,arbitration_dataset/images/size/size_0213_std.png,visual_counterfact
size_0214,size,cucumber,"Which is bigger, the cucumber?",cucumber,gorilla,arbitration_dataset/images/size/size_0214_cf.png,arbitration_dataset/images/size/size_0214_std.png,visual_counterfact
size_0215,size,daisy,"Which is bigger, the daisy?",safety pin,daisy,arbitration_dataset/images/size/size_0215_cf.png,arbitration_dataset/images/size/size_0215_std.png,visual_counterfact
size_0216,size,daisy,"Which is bigger, the daisy?",daisy,panda,arbitration_dataset/images/size/size_0216_cf.png,arbitration_dataset/images/size/size_0216_std.png,visual_counterfact
size_0217,size,dalmatian,"Which is bigger, the dalmatian?",dalmatian,tree,arbitration_dataset/images/size/size_0217_cf.png,arbitration_dataset/images/size/size_0217_std.png,visual_counterfact
size_0218,size,dalmatian,"Which is bigger, the dalmatian?",lens cap,dalmatian,arbitration_dataset/images/size/size_0218_cf.png,arbitration_dataset/images/size/size_0218_std.png,visual_counterfact
size_0219,size,deer,"Which is bigger, the deer?",turnip,deer,arbitration_dataset/images/size/size_0219_cf.png,arbitration_dataset/images/size/size_0219_std.png,visual_counterfact
size_0220,size,deer,"Which is bigger, the deer?",deer,birch,arbitration_dataset/images/size/size_0220_cf.png,arbitration_dataset/images/size/size_0220_std.png,visual_counterfact
size_0221,size,dial telephone,"Which is bigger, the dial telephone?",dial telephone,snowplow,arbitration_dataset/images/size/size_0221_cf.png,arbitration_dataset/images/size/size_0221_std.png,visual_counterfact
size_0222,size,dial telephone,"Which is bigger, the dial telephone?",nail,dial telephone,arbitration_dataset/images/size/size_0222_cf.png,arbitration_dataset/images/size/size_0222_std.png,visual_counterfact
size_0223,size,diaper,"Which is bigger, the diaper?",diaper,camel,arbitration_dataset/images/size/size_0223_cf.png,arbitration_dataset/images/size/size_0223_std.png,visual_counterfact
size_0224,size,diaper,"Which is bigger, the diaper?",acorn,diaper,arbitration_dataset/images/size/size_0224_cf.png,arbitration_dataset/images/size/size_0224_std.png,visual_counterfact
size_0225,size,dishwasher,"Which is bigger, the dishwasher?",monarch,dishwasher,arbitration_dataset/images/size/size_0225_cf.png,arbitration_dataset/images/size/size_0225_std.png,visual_counterfact
size_0226,size,dishwasher,"Which is bigger, the dishwasher?",dishwasher,buckeye,arbitration_dataset/images/size/size_0226_cf.png,arbitration_dataset/images/size/size_0226_std.png,visual_counterfact
size_0227,size,disk brake,"Which is bigger, the disk brake?",snail,disk brake,arbitration_dataset/images/size/size_0227_cf.png,arbitration_dataset/images/size/size_0227_std.png,visual_counterfact
size_0228,size,dog,"Which is bigger, the dog?",lens cap,dog,arbitration_dataset/images/size/size_0228_cf.png,arbitration_dataset/images/size/size_0228_std.png,visual_counterfact
size_0229,size,dog,"Which is bigger, the dog?",dog,rocket,arbitration_dataset/images/size/size_0229_cf.png,arbitration_dataset/images/size/size_0229_std.png,visual_counterfact
size_0230,size,dog,"Which is bigger, the dog?",lock,dog,arbitration_dataset/images/size/size_0230_cf.png,arbitration_dataset/images/size/size_0230_std.png,visual_counterfact
size_0231,size,dog,"Which is bigger, the dog?",dog,tree,arbitration_dataset/images/size/size_0231_cf.png,arbitration_dataset/images/size/size_0231_std.png,visual_counterfact
size_0232,size,dog,"Which is bigger, the dog?",dog,tree,arbitration_dataset/images/size/size_0232_cf.png,arbitration_dataset/images/size/size_0232_std.png,visual_counterfact
size_0233,size,dog,"Which is bigger, the dog?",lacewing,dog,arbitration_dataset/images/size/size_0233_cf.png,arbitration_dataset/images/size/size_0233_std.png,visual_counterfact
size_0234,size,dog,"Which is bigger, the dog?",dog,thatch,arbitration_dataset/images/size/size_0234_cf.png,arbitration_dataset/images/size/size_0234_std.png,visual_counterfact
size_0235,size,dog,"Which is bigger, the dog?",lipstick,dog,arbitration_dataset/images/size/size_0235_cf.png,arbitration_dataset/images/size/size_0235_std.png,visual_counterfact
size_0236,size,dog,"Which is bigger, the dog?",apples,dog,arbitration_dataset/images/size/size_0236_cf.png,arbitration_dataset/images/size/size_0236_std.png,visual_counterfact
size_0237,size,dog,"Which is bigger, the dog?",dog,tree,arbitration_dataset/images/size/size_0237_cf.png,arbitration_dataset/images/size/size_0237_std.png,visual_counterfact
size_0238,size,dog,"Which is bigger, the dog?",dog,tree,arbitration_dataset/images/size/size_0238_cf.png,arbitration_dataset/images/size/size_0238_std.png,visual_counterfact
size_0239,size,dog,"Which is bigger, the dog?",sunglasses,dog,arbitration_dataset/images/size/size_0239_cf.png,arbitration_dataset/images/size/size_0239_std.png,visual_counterfact
size_0240,size,dog,"Which is bigger, the dog?",apples,dog,arbitration_dataset/images/size/size_0240_cf.png,arbitration_dataset/images/size/size_0240_std.png,visual_counterfact
size_0241,size,dog,"Which is bigger, the dog?",dog,tree,arbitration_dataset/images/size/size_0241_cf.png,arbitration_dataset/images/size/size_0241_std.png,visual_counterfact
size_0242,size,dog,"Which is bigger, the dog?",dog,tree,arbitration_dataset/images/size/size_0242_cf.png,arbitration_dataset/images/size/size_0242_std.png,visual_counterfact
size_0243,size,dog,"Which is bigger, the dog?",eraser,dog,arbitration_dataset/images/size/size_0243_cf.png,arbitration_dataset/images/size/size_0243_std.png,visual_counterfact
size_0244,size,dog,"Which is bigger, the dog?",dog,garbage truck,arbitration_dataset/images/size/size_0244_cf.png,arbitration_dataset/images/size/size_0244_std.png,visual_counterfact
size_0245,size,dog,"Which is bigger, the dog?",dog,tree,arbitration_dataset/images/size/size_0245_cf.png,arbitration_dataset/images/size/size_0245_std.png,visual_counterfact
size_0246,size,dog,"Which is bigger, the dog?",dog,tree,arbitration_dataset/images/size/size_0246_cf.png,arbitration_dataset/images/size/size_0246_std.png,visual_counterfact
size_0247,size,dog,"Which is bigger, the dog?",dog,rv,arbitration_dataset/images/size/size_0247_cf.png,arbitration_dataset/images/size/size_0247_std.png,visual_counterfact
size_0248,size,dog,"Which is bigger, the dog?",mantis,dog,arbitration_dataset/images/size/size_0248_cf.png,arbitration_dataset/images/size/size_0248_std.png,visual_counterfact
size_0249,size,dog,"Which is bigger, the dog?",lock,dog,arbitration_dataset/images/size/size_0249_cf.png,arbitration_dataset/images/size/size_0249_std.png,visual_counterfact
size_0250,size,dog,"Which is bigger, the dog?",dog,tree,arbitration_dataset/images/size/size_0250_cf.png,arbitration_dataset/images/size/size_0250_std.png,visual_counterfact
size_0251,size,dog,"Which is bigger, the dog?",fig,dog,arbitration_dataset/images/size/size_0251_cf.png,arbitration_dataset/images/size/size_0251_std.png,visual_counterfact
size_0252,size,dog,"Which is bigger, the dog?",fish,dog,arbitration_dataset/images/size/size_0252_cf.png,arbitration_dataset/images/size/size_0252_std.png,visual_counterfact
size_0253,size,dolphin,"Which is bigger, the dolphin?",dolphin,birch,arbitration_dataset/images/size/size_0253_cf.png,arbitration_dataset/images/size/size_0253_std.png,visual_counterfact
size_0254,size,dolphin,"Which is bigger, the dolphin?",frog,dolphin,arbitration_dataset/images/size/size_0254_cf.png,arbitration_dataset/images/size/size_0254_std.png,visual_counterfact
size_0255,size,donkey,"Which is bigger, the donkey?",frog,donkey,arbitration_dataset/images/size/size_0255_cf.png,arbitration_dataset/images/size/size_0255_std.png,visual_counterfact
size_0256,size,donkey,"Which is bigger, the donkey?",donkey,birch,arbitration_dataset/images/size/size_0256_cf.png,arbitration_dataset/images/size/size_0256_std.png,visual_counterfact
size_0257,size,doormat,"Which is bigger, the doormat?",doormat,buckeye,arbitration_dataset/images/size/size_0257_cf.png,arbitration_dataset/images/size/size_0257_std.png,visual_counterfact
size_0258,size,doormat,"Which is bigger, the doormat?",lipstick,doormat,arbitration_dataset/images/size/size_0258_cf.png,arbitration_dataset/images/size/size_0258_std.png,visual_counterfact
size_0259,size,dove,"Which is bigger, the dove?",cockroach,dove,arbitration_dataset/images/size/size_0259_cf.png,arbitration_dataset/images/size/size_0259_std.png,visual_counterfact
size_0260,size,drain,"Which is bigger, the drain?",drain,fireboat,arbitration_dataset/images/size/size_0260_cf.png,arbitration_dataset/images/size/size_0260_std.png,visual_counterfact
size_0261,size,drain,"Which is bigger, the drain?",ballpoint,drain,arbitration_dataset/images/size/size_0261_cf.png,arbitration_dataset/images/size/size_0261_std.png,visual_counterfact
size_0262,size,earthstar,"Which is bigger, the earthstar?",beetle,earthstar,arbitration_dataset/images/size/size_0262_cf.png,arbitration_dataset/images/size/size_0262_std.png,visual_counterfact
size_0263,size,echidna,"Which is bigger, the echidna?",lacewing,echidna,arbitration_dataset/images/size/size_0263_cf.png,arbitration_dataset/images/size/size_0263_std.png,visual_counterfact
size_0264,size,eel,"Which is bigger, the eel?",eel,giraffe,arbitration_dataset/images/size/size_0264_cf.png,arbitration_dataset/images/size/size_0264_std.png,visual_counterfact
size_0265,size,eel,"Which is bigger, the eel?",blueberry,eel,arbitration_dataset/images/size/size_0265_cf.png,arbitration_dataset/images/size/size_0265_std.png,visual_counterfact
size_0266,size,eggnog,"Which is bigger, the eggnog?",eggnog,panda,arbitration_dataset/images/size/size_0266_cf.png,arbitration_dataset/images/size/size_0266_std.png,visual_counterfact
size_0267,size,eggplant,"Which is bigger, the eggplant?",eggplant,deer,arbitration_dataset/images/size/size_0267_cf.png,arbitration_dataset/images/size/size_0267_std.png,visual_counterfact
size_0268,size,eggplant,"Which is bigger, the eggplant?",beans,eggplant,arbitration_dataset/images/size/size_0268_cf.png,arbitration_dataset/images/size/size_0268_std.png,visual_counterfact
size_0269,size,elk,"Which is bigger, the elk?",squirrel,elk,arbitration_dataset/images/size/size_0269_cf.png,arbitration_dataset/images/size/size_0269_std.png,visual_counterfact
size_0270,size,elk,"Which is bigger, the elk?",elk,birch,arbitration_dataset/images/size/size_0270_cf.png,arbitration_dataset/images/size/size_0270_std.png,visual_counterfact
size_0271,size,emerald,"Which is bigger, the emerald?",wasp,emerald,arbitration_dataset/images/size/size_0271_cf.png,arbitration_dataset/images/size/size_0271_std.png,visual_counterfact
size_0272,size,emu,"Which is bigger, the emu?",wrench,emu,arbitration_dataset/images/size/size_0272_cf.png,arbitration_dataset/images/size/size_0272_std.png,visual_counterfact
size_0273,size,emu,"Which is bigger, the emu?",emu,tree,arbitration_dataset/images/size/size_0273_cf.png,arbitration_dataset/images/size/size_0273_std.png,visual_counterfact
size_0274,size,eraser,"Which is bigger, the eraser?",beetle,eraser,arbitration_dataset/images/size/size_0274_cf.png,arbitration_dataset/images/size/size_0274_std.png,visual_counterfact
size_0275,size,espresso,"Which is bigger, the espresso?",espresso,chimpanzee,arbitration_dataset/images/size/size_0275_cf.png,arbitration_dataset/images/size/size_0275_std.png,visual_counterfact
size_0276,size,espresso,"Which is bigger, the espresso?",tick,espresso,arbitration_dataset/images/size/size_0276_cf.png,arbitration_dataset/images/size/size_0276_std.png,visual_counterfact
size_0277,size,espresso maker,"Which is bigger, the espresso maker?",espresso maker,lifeboat,arbitration_dataset/images/size/size_0277_cf.png,arbitration_dataset/images/size/size_0277_std.png,visual_counterfact
size_0278,size,espresso maker,"Which is bigger, the espresso maker?",eraser,espresso maker,arbitration_dataset/images/size/size_0278_cf.png,arbitration_dataset/images/size/size_0278_std.png,visual_counterfact
size_0279,size,faucet,"Which is bigger, the faucet?",faucet,shark,arbitration_dataset/images/size/size_0279_cf.png,arbitration_dataset/images/size/size_0279_std.png,visual_counterfact
size_0280,size,faucet,"Which is bigger, the faucet?",matchstick,faucet,arbitration_dataset/images/size/size_0280_cf.png,arbitration_dataset/images/size/size_0280_std.png,visual_counterfact
size_0281,size,fawn,"Which is bigger, the fawn?",fawn,bus,arbitration_dataset/images/size/size_0281_cf.png,arbitration_dataset/images/size/size_0281_std.png,visual_counterfact
size_0282,size,fawn,"Which is bigger, the fawn?",banana,fawn,arbitration_dataset/images/size/size_0282_cf.png,arbitration_dataset/images/size/size_0282_std.png,visual_counterfact
size_0283,size,fence,"Which is bigger, the fence?",camera,fence,arbitration_dataset/images/size/size_0283_cf.png,arbitration_dataset/images/size/size_0283_std.png,visual_counterfact
size_0284,size,fence,"Which is bigger, the fence?",gas pump,fence,arbitration_dataset/images/size/size_0284_cf.png,arbitration_dataset/images/size/size_0284_std.png,visual_counterfact
size_0285,size,fire truck,"Which is bigger, the fire truck?",fire truck,pyramid,arbitration_dataset/images/size/size_0285_cf.png,arbitration_dataset/images/size/size_0285_std.png,visual_counterfact
size_0286,size,fire truck,"Which is bigger, the fire truck?",chainsaw,fire truck,arbitration_dataset/images/size/size_0286_cf.png,arbitration_dataset/images/size/size_0286_std.png,visual_counterfact
size_0287,size,fireboat,"Which is bigger, the fireboat?",fireboat,pyramid,arbitration_dataset/images/size/size_0287_cf.png,arbitration_dataset/images/size/size_0287_std.png,visual_counterfact
size_0288,size,fish,"Which is bigger, the fish?",fish,metal barrel,arbitration_dataset/images/size/size_0288_cf.png,arbitration_dataset/images/size/size_0288_std.png,visual_counterfact
size_0289,size,fish,"Which is bigger, the fish?",nail,fish,arbitration_dataset/images/size/size_0289_cf.png,arbitration_dataset/images/size/size_0289_std.png,visual_counterfact
size_0290,size,fish,"Which is bigger, the fish?",fish,snowplow,arbitration_dataset/images/size/size_0290_cf.png,arbitration_dataset/images/size/size_0290_std.png,visual_counterfact
size_0291,size,fish,"Which is bigger, the fish?",tick,fish,arbitration_dataset/images/size/size_0291_cf.png,arbitration_dataset/images/size/size_0291_std.png,visual_counterfact
size_0292,size,flamingo,"Which is bigger, the flamingo?",flamingo,birch,arbitration_dataset/images/size/size_0292_cf.png,arbitration_dataset/images/size/size_0292_std.png,visual_counterfact
size_0293,size,flamingo,"Which is bigger, the flamingo?",corn,flamingo,arbitration_dataset/images/size/size_0293_cf.png,arbitration_dataset/images/size/size_0293_std.png,visual_counterfact
size_0294,size,football,"Which is bigger, the football?",cockroach,football,arbitration_dataset/images/size/size_0294_cf.png,arbitration_dataset/images/size/size_0294_std.png,visual_counterfact
size_0295,size,fork,"Which is bigger, the fork?",safety pin,fork,arbitration_dataset/images/size/size_0295_cf.png,arbitration_dataset/images/size/size_0295_std.png,visual_counterfact
size_0296,size,fork,"Which is bigger, the fork?",fork,warthog,arbitration_dataset/images/size/size_0296_cf.png,arbitration_dataset/images/size/size_0296_std.png,visual_counterfact
size_0297,size,forklift,"Which is bigger, the forklift?",bottle,forklift,arbitration_dataset/images/size/size_0297_cf.png,arbitration_dataset/images/size/size_0297_std.png,visual_counterfact
size_0298,size,fox,"Which is bigger, the fox?",fox,truck,arbitration_dataset/images/size/size_0298_cf.png,arbitration_dataset/images/size/size_0298_std.png,visual_counterfact
size_0299,size,fox,"Which is bigger, the fox?",fox,bus,arbitration_dataset/images/size/size_0299_cf.png,arbitration_dataset/images/size/size_0299_std.png,visual_counterfact
size_0300,size,frog,"Which is bigger, the frog?",beetle,frog,arbitration_dataset/images/size/size_0300_cf.png,arbitration_dataset/images/size/size_0300_std.png,visual_counterfact
size_0301,size,frying pan,"Which is bigger, the frying pan?",frying pan,thatch,arbitration_dataset/images/size/size_0301_cf.png,arbitration_dataset/images/size/size_0301_std.png,visual_counterfact
size_0302,size,frying pan,"Which is bigger, the frying pan?",snail,frying pan,arbitration_dataset/images/size/size_0302_cf.png,arbitration_dataset/images/size/size_0302_std.png,visual_counterfact
size_0303,size,garbage truck,"Which is bigger, the garbage truck?",garbage truck,pyramid,arbitration_dataset/images/size/size_0303_cf.png,arbitration_dataset/images/size/size_0303_std.png,visual_counterfact
size_0304,size,garbage truck,"Which is bigger, the garbage truck?",violin,garbage truck,arbitration_dataset/images/size/size_0304_cf.png,arbitration_dataset/images/size/size_0304_std.png,visual_counterfact
size_0305,size,garlic,"Which is bigger, the garlic?",garlic,penguin,arbitration_dataset/images/size/size_0305_cf.png,arbitration_dataset/images/size/size_0305_std.png,visual_counterfact
size_0306,size,gas pump,"Which is bigger, the gas pump?",watch,gas pump,arbitration_dataset/images/size/size_0306_cf.png,arbitration_dataset/images/size/size_0306_std.png,visual_counterfact
size_0307,size,gasmask,"Which is bigger, the gasmask?",gasmask,snowplow,arbitration_dataset/images/size/size_0307_cf.png,arbitration_dataset/images/size/size_0307_std.png,visual_counterfact
size_0308,size,gasmask,"Which is bigger, the gasmask?",nail,gasmask,arbitration_dataset/images/size/size_0308_cf.png,arbitration_dataset/images/size/size_0308_std.png,visual_counterfact
size_0309,size,goat,"Which is bigger, the goat?",key,goat,arbitration_dataset/images/size/size_0309_cf.png,arbitration_dataset/images/size/size_0309_std.png,visual_counterfact
size_0310,size,goat,"Which is bigger, the goat?",goat,bus,arbitration_dataset/images/size/size_0310_cf.png,arbitration_dataset/images/size/size_0310_std.png,visual_counterfact
size_0311,size,goldfinch,"Which is bigger, the goldfinch?",matchstick,goldfinch,arbitration_dataset/images/size/size_0311_cf.png,arbitration_dataset/images/size/size_0311_std.png,visual_counterfact
size_0312,size,goldfinch,"Which is bigger, the goldfinch?",goldfinch,marimba,arbitration_dataset/images/size/size_0312_cf.png,arbitration_dataset/images/size/size_0312_std.png,visual_counterfact
size_0313,size,goldfish,"Which is bigger, the goldfish?",goldfish,deer,arbitration_dataset/images/size/size_0313_cf.png,arbitration_dataset/images/size/size_0313_std.png,visual_counterfact
size_0314,size,goldfish,"Which is bigger, the goldfish?",beans,goldfish,arbitration_dataset/images/size/size_0314_cf.png,arbitration_dataset/images/size/size_0314_std.png,visual_counterfact
size_0315,size,golf ball,"Which is bigger, the golf ball?",rapeseed,golf ball,arbitration_dataset/images/size/size_0315_cf.png,arbitration_dataset/images/size/size_0315_std.png,visual_counterfact
size_0316,size,gondola,"Which is bigger, the gondola?",gondola,container ship,arbitration_dataset/images/size/size_0316_cf.png,arbitration_dataset/images/size/size_0316_std.png,visual_counterfact
size_0317,size,gondola,"Which is bigger, the gondola?",loudspeaker,gondola,arbitration_dataset/images/size/size_0317_cf.png,arbitration_dataset/images/size/size_0317_std.png,visual_counterfact
size_0318,size,gopher,"Which is bigger, the gopher?",beans,gopher,arbitration_dataset/images/size/size_0318_cf.png,arbitration_dataset/images/size/size_0318_std.png,visual_counterfact
size_0319,size,gopher,"Which is bigger, the gopher?",gopher,deer,arbitration_dataset/images/size/size_0319_cf.png,arbitration_dataset/images/size/size_0319_std.png,visual_counterfact
size_0320,size,gorilla,"Which is bigger, the gorilla?",gorilla,birch,arbitration_dataset/images/size/size_0320_cf.png,arbitration_dataset/images/size/size_0320_std.png,visual_counterfact
size_0321,size,grape,"Which is bigger, the grape?",ant,grape,arbitration_dataset/images/size/size_0321_cf.png,arbitration_dataset/images/size/size_0321_std.png,visual_counterfact
size_0322,size,grapefruit,"Which is bigger, the grapefruit?",grapefruit,chainlink,arbitration_dataset/images/size/size_0322_cf.png,arbitration_dataset/images/size/size_0322_std.png,visual_counterfact
size_0323,size,grapefruit,"Which is bigger, the grapefruit?",cigarette,grapefruit,arbitration_dataset/images/size/size_0323_cf.png,arbitration_dataset/images/size/size_0323_std.png,visual_counterfact
size_0324,size,grasshopper,"Which is bigger, the grasshopper?",grasshopper,saxophone,arbitration_dataset/images/size/size_0324_cf.png,arbitration_dataset/images/size/size_0324_std.png,visual_counterfact
size_0325,size,grasshopper,"Which is bigger, the grasshopper?",housefly,grasshopper,arbitration_dataset/images/size/size_0325_cf.png,arbitration_dataset/images/size/size_0325_std.png,visual_counterfact
size_0326,size,grater,"Which is bigger, the grater?",grater,bearskin,arbitration_dataset/images/size/size_0326_cf.png,arbitration_dataset/images/size/size_0326_std.png,visual_counterfact
size_0327,size,grater,"Which is bigger, the grater?",ring,grater,arbitration_dataset/images/size/size_0327_cf.png,arbitration_dataset/images/size/size_0327_std.png,visual_counterfact
size_0328,size,grenade,"Which is bigger, the grenade?",grenade,dolphin,arbitration_dataset/images/size/size_0328_cf.png,arbitration_dataset/images/size/size_0328_std.png,visual_counterfact
size_0329,size,grenade,"Which is bigger, the grenade?",spider,grenade,arbitration_dataset/images/size/size_0329_cf.png,arbitration_dataset/images/size/size_0329_std.png,visual_counterfact
size_0330,size,groenendael,"Which is bigger, the groenendael?",groenendael,catamaran,arbitration_dataset/images/size/size_0330_cf.png,arbitration_dataset/images/size/size_0330_std.png,visual_counterfact
size_0331,size,groundhog,"Which is bigger, the groundhog?",groundhog,ambulance,arbitration_dataset/images/size/size_0331_cf.png,arbitration_dataset/images/size/size_0331_std.png,visual_counterfact
size_0332,size,groundhog,"Which is bigger, the groundhog?",strawberry,groundhog,arbitration_dataset/images/size/size_0332_cf.png,arbitration_dataset/images/size/size_0332_std.png,visual_counterfact
size_0333,size,guacamole,"Which is bigger, the guacamole?",guacamole,tree,arbitration_dataset/images/size/size_0333_cf.png,arbitration_dataset/images/size/size_0333_std.png,visual_counterfact
size_0334,size,guitar,"Which is bigger, the guitar?",golf ball,guitar,arbitration_dataset/images/size/size_0334_cf.png,arbitration_dataset/images/size/size_0334_std.png,visual_counterfact
size_0335,size,guitar,"Which is bigger, the guitar?",guitar,fireboat,arbitration_dataset/images/size/size_0335_cf.png,arbitration_dataset/images/size/size_0335_std.png,visual_counterfact
size_0336,size,gun,"Which is bigger, the gun?",gun,lawn mower,arbitration_dataset/images/size/size_0336_cf.png,arbitration_dataset/images/size/size_0336_std.png,visual_counterfact
size_0337,size,hare,"Which is bigger, the hare?",hare,ambulance,arbitration_dataset/images/size/size_0337_cf.png,arbitration_dataset/images/size/size_0337_std.png,visual_counterfact
size_0338,size,hare,"Which is bigger, the hare?",strawberry,hare,arbitration_dataset/images/size/size_0338_cf.png,arbitration_dataset/images/size/size_0338_std.png,visual_counterfact
size_0339,size,hartebeest,"Which is bigger, the hartebeest?",camera,hartebeest,arbitration_dataset/images/size/size_0339_cf.png,arbitration_dataset/images/size/size_0339_std.png,visual_counterfact
size_0340,size,harvester,"Which is bigger, the harvester?",armadillo,harvester,arbitration_dataset/images/size/size_0340_cf.png,arbitration_dataset/images/size/size_0340_std.png,visual_counterfact
size_0341,size,hay,"Which is bigger, the hay?",hay,tree,arbitration_dataset/images/size/size_0341_cf.png,arbitration_dataset/images/size/size_0341_std.png,visual_counterfact
size_0342,size,heron,"Which is bigger, the heron?",lipstick,heron,arbitration_dataset/images/size/size_0342_cf.png,arbitration_dataset/images/size/size_0342_std.png,visual_counterfact
size_0343,size,heron,"Which is bigger, the heron?",heron,tree,arbitration_dataset/images/size/size_0343_cf.png,arbitration_dataset/images/size/size_0343_std.png,visual_counterfact
size_0344,size,hippopotamus,"Which is bigger, the hippopotamus?",hippopotamus,airliner,arbitration_dataset/images/size/size_0344_cf.png,arbitration_dataset/images/size/size_0344_std.png,visual_counterfact
size_0345,size,hippopotamus,"Which is bigger, the hippopotamus?",bottle,hippopotamus,arbitration_dataset/images/size/size_0345_cf.png,arbitration_dataset/images/size/size_0345_std.png,visual_counterfact
size_0346,size,holster,"Which is bigger, the holster?",holster,bearskin,arbitration_dataset/images/size/size_0346_cf.png,arbitration_dataset/images/size/size_0346_std.png,visual_counterfact
size_0347,size,holster,"Which is bigger, the holster?",ring,holster,arbitration_dataset/images/size/size_0347_cf.png,arbitration_dataset/images/size/size_0347_std.png,visual_counterfact
size_0348,size,honeycomb,"Which is bigger, the honeycomb?",earthstar,honeycomb,arbitration_dataset/images/size/size_0348_cf.png,arbitration_dataset/images/size/size_0348_std.png,visual_counterfact
size_0349,size,honeycomb,"Which is bigger, the honeycomb?",honeycomb,truck,arbitration_dataset/images/size/size_0349_cf.png,arbitration_dataset/images/size/size_0349_std.png,visual_counterfact
size_0350,size,hornet,"Which is bigger, the hornet?",housefly,hornet,arbitration_dataset/images/size/size_0350_cf.png,arbitration_dataset/images/size/size_0350_std.png,visual_counterfact
size_0351,size,hose,"Which is bigger, the hose?",hose,bus,arbitration_dataset/images/size/size_0351_cf.png,arbitration_dataset/images/size/size_0351_std.png,visual_counterfact
size_0352,size,housefly,"Which is bigger, the housefly?",housefly,strawberry,arbitration_dataset/images/size/size_0352_cf.png,arbitration_dataset/images/size/size_0352_std.png,visual_counterfact
size_0353,size,ibex,"Which is bigger, the ibex?",ibex,tree,arbitration_dataset/images/size/size_0353_cf.png,arbitration_dataset/images/size/size_0353_std.png,visual_counterfact
size_0354,size,ibex,"Which is bigger, the ibex?",wallet,ibex,arbitration_dataset/images/size/size_0354_cf.png,arbitration_dataset/images/size/size_0354_std.png,visual_counterfact
size_0355,size,iguana,"Which is bigger, the iguana?",mouse,iguana,arbitration_dataset/images/size/size_0355_cf.png,arbitration_dataset/images/size/size_0355_std.png,visual_counterfact
size_0356,size,iguana,"Which is bigger, the iguana?",iguana,bus,arbitration_dataset/images/size/size_0356_cf.png,arbitration_dataset/images/size/size_0356_std.png,visual_counterfact
size_0357,size,impala,"Which is bigger, the impala?",wrench,impala,arbitration_dataset/images/size/size_0357_cf.png,arbitration_dataset/images/size/size_0357_std.png,visual_counterfact
size_0358,size,impala,"Which is bigger, the impala?",impala,tree,arbitration_dataset/images/size/size_0358_cf.png,arbitration_dataset/images/size/size_0358_std.png,visual_counterfact
size_0359,size,jacamar,"Which is bigger, the jacamar?",safety pin,jacamar,arbitration_dataset/images/size/size_0359_cf.png,arbitration_dataset/images/size/size_0359_std.png,visual_counterfact
size_0360,size,jack-o'-lantern,"Which is bigger, the jack-o'-lantern?",snail,jacko'lantern,arbitration_dataset/images/size/size_0360_cf.png,arbitration_dataset/images/size/size_0360_std.png,visual_counterfact
size_0361,size,jack-o'-lantern,"Which is bigger, the jack-o'-lantern?",jacko'lantern,thatch,arbitration_dataset/images/size/size_0361_cf.png,arbitration_dataset/images/size/size_0361_std.png,visual_counterfact
size_0362,size,jackfruit,"Which is bigger, the jackfruit?",jackfruit,lifeboat,arbitration_dataset/images/size/size_0362_cf.png,arbitration_dataset/images/size/size_0362_std.png,visual_counterfact
size_0363,size,jackfruit,"Which is bigger, the jackfruit?",eraser,jackfruit,arbitration_dataset/images/size/size_0363_cf.png,arbitration_dataset/images/size/size_0363_std.png,visual_counterfact
size_0364,size,jaguar,"Which is bigger, the jaguar?",jaguar,rocket,arbitration_dataset/images/size/size_0364_cf.png,arbitration_dataset/images/size/size_0364_std.png,visual_counterfact
size_0365,size,jaguar,"Which is bigger, the jaguar?",salamander,jaguar,arbitration_dataset/images/size/size_0365_cf.png,arbitration_dataset/images/size/size_0365_std.png,visual_counterfact
size_0366,size,jay,"Which is bigger, the jay?",jay,rv,arbitration_dataset/images/size/size_0366_cf.png,arbitration_dataset/images/size/size_0366_std.png,visual_counterfact
size_0367,size,jay,"Which is bigger, the jay?",mantis,jay,arbitration_dataset/images/size/size_0367_cf.png,arbitration_dataset/images/size/size_0367_std.png,visual_counterfact
size_0368,size,jean,"Which is bigger, the jean?",jean,tree,arbitration_dataset/images/size/size_0368_cf.png,arbitration_dataset/images/size/size_0368_std.png,visual_counterfact
size_0369,size,jean,"Which is bigger, the jean?",lock,jean,arbitration_dataset/images/size/size_0369_cf.png,arbitration_dataset/images/size/size_0369_std.png,visual_counterfact
size_0370,size,joystick,"Which is bigger, the joystick?",cigarette,joystick,arbitration_dataset/images/size/size_0370_cf.png,arbitration_dataset/images/size/size_0370_std.png,visual_counterfact
size_0371,size,joystick,"Which is bigger, the joystick?",joystick,chainlink,arbitration_dataset/images/size/size_0371_cf.png,arbitration_dataset/images/size/size_0371_std.png,visual_counterfact
size_0372,size,jug,"Which is bigger, the jug?",beetle,jug,arbitration_dataset/images/size/size_0372_cf.png,arbitration_dataset/images/size/size_0372_std.png,visual_counterfact
size_0373,size,jug,"Which is bigger, the jug?",jug,van,arbitration_dataset/images/size/size_0373_cf.png,arbitration_dataset/images/size/size_0373_std.png,visual_counterfact
size_0374,size,junco,"Which is bigger, the junco?",acorn,junco,arbitration_dataset/images/size/size_0374_cf.png,arbitration_dataset/images/size/size_0374_std.png,visual_counterfact
size_0375,size,junco,"Which is bigger, the junco?",junco,camel,arbitration_dataset/images/size/size_0375_cf.png,arbitration_dataset/images/size/size_0375_std.png,visual_counterfact
size_0376,size,kangaroo,"Which is bigger, the kangaroo?",salamander,kangaroo,arbitration_dataset/images/size/size_0376_cf.png,arbitration_dataset/images/size/size_0376_std.png,visual_counterfact
size_0377,size,kangaroo,"Which is bigger, the kangaroo?",kangaroo,rocket,arbitration_dataset/images/size/size_0377_cf.png,arbitration_dataset/images/size/size_0377_std.png,visual_counterfact
size_0378,size,key,"Which is bigger, the key?",key,fox,arbitration_dataset/images/size/size_0378_cf.png,arbitration_dataset/images/size/size_0378_std.png,visual_counterfact
size_0379,size,key,"Which is bigger, the key?",peas,key,arbitration_dataset/images/size/size_0379_cf.png,arbitration_dataset/images/size/size_0379_std.png,visual_counterfact
size_0380,size,knife,"Which is bigger, the knife?",matchstick,knife,arbitration_dataset/images/size/size_0380_cf.png,arbitration_dataset/images/size/size_0380_std.png,visual_counterfact
size_0381,size,knife,"Which is bigger, the knife?",knife,shark,arbitration_dataset/images/size/size_0381_cf.png,arbitration_dataset/images/size/size_0381_std.png,visual_counterfact
size_0382,size,koala,"Which is bigger, the koala?",koala,fireboat,arbitration_dataset/images/size/size_0382_cf.png,arbitration_dataset/images/size/size_0382_std.png,visual_counterfact
size_0383,size,koala,"Which is bigger, the koala?",golf ball,koala,arbitration_dataset/images/size/size_0383_cf.png,arbitration_dataset/images/size/size_0383_std.png,visual_counterfact
size_0384,size,kuvasz,"Which is bigger, the kuvasz?",kuvasz,tree,arbitration_dataset/images/size/size_0384_cf.png,arbitration_dataset/images/size/size_0384_std.png,visual_counterfact
size_0385,size,kuvasz,"Which is bigger, the kuvasz?",apples,kuvasz,arbitration_dataset/images/size/size_0385_cf.png,arbitration_dataset/images/size/size_0385_std.png,visual_counterfact
size_0386,size,lab coat,"Which is bigger, the lab coat?",lab coat,tree,arbitration_dataset/images/size/size_0386_cf.png,arbitration_dataset/images/size/size_0386_std.png,visual_counterfact
size_0387,size,lab coat,"Which is bigger, the lab coat?",lens cap,lab coat,arbitration_dataset/images/size/size_0387_cf.png,arbitration_dataset/images/size/size_0387_std.png,visual_counterfact
size_0388,size,lacewing,"Which is bigger, the lacewing?",beetle,lacewing,arbitration_dataset/images/size/size_0388_cf.png,arbitration_dataset/images/size/size_0388_std.png,visual_counterfact
size_0389,size,lacewing,"Which is bigger, the lacewing?",lacewing,panda,arbitration_dataset/images/size/size_0389_cf.png,arbitration_dataset/images/size/size_0389_std.png,visual_counterfact
size_0390,size,lamb,"Which is bigger, the lamb?",banana,lamb,arbitration_dataset/images/size/size_0390_cf.png,arbitration_dataset/images/size/size_0390_std.png,visual_counterfact
size_0391,size,lamb,"Which is bigger, the lamb?",lamb,bus,arbitration_dataset/images/size/size_0391_cf.png,arbitration_dataset/images/size/size_0391_std.png,visual_counterfact
size_0392,size,lawn mower,"Which is bigger, the lawn mower?",lawn mower,tree,arbitration_dataset/images/size/size_0392_cf.png,arbitration_dataset/images/size/size_0392_std.png,visual_counterfact
size_0393,size,lawn mower,"Which is bigger, the lawn mower?",flashlight,lawn mower,arbitration_dataset/images/size/size_0393_cf.png,arbitration_dataset/images/size/size_0393_std.png,visual_counterfact
size_0394,size,lemon,"Which is bigger, the lemon?",lemon,buzzard,arbitration_dataset/images/size/size_0394_cf.png,arbitration_dataset/images/size/size_0394_std.png,visual_counterfact
size_0395,size,lemon,"Which is bigger, the lemon?",peas,lemon,arbitration_dataset/images/size/size_0395_cf.png,arbitration_dataset/images/size/size_0395_std.png,visual_counterfact
size_0396,size,lettuce,"Which is bigger, the lettuce?",cranberry,lettuce,arbitration_dataset/images/size/size_0396_cf.png,arbitration_dataset/images/size/size_0396_std.png,visual_counterfact
size_0397,size,lettuce,"Which is bigger, the lettuce?",lettuce,walrus,arbitration_dataset/images/size/size_0397_cf.png,arbitration_dataset/images/size/size_0397_std.png,visual_counterfact
size_0398,size,lifeboat,"Which is bigger, the lifeboat?",space heater,lifeboat,arbitration_dataset/images/size/size_0398_cf.png,arbitration_dataset/images/size/size_0398_std.png,visual_counterfact
size_0399,size,lime,"Which is bigger, the lime?",peas,lime,arbitration_dataset/images/size/size_0399_cf.png,arbitration_dataset/images/size/size_0399_std.png,visual_counterfact
size_0400,size,limousine,"Which is bigger, the limousine?",cabbage,limousine,arbitration_dataset/images/size/size_0400_cf.png,arbitration_dataset/images/size/size_0400_std.png,visual_counterfact
size_0401,size,lipstick,"Which is bigger, the lipstick?",lipstick,metal barrel,arbitration_dataset/images/size/size_0401_cf.png,arbitration_dataset/images/size/size_0401_std.png,visual_counterfact
size_0402,size,lizard,"Which is bigger, the lizard?",lizard,groenendael,arbitration_dataset/images/size/size_0402_cf.png,arbitration_dataset/images/size/size_0402_std.png,visual_counterfact
size_0403,size,lizard,"Which is bigger, the lizard?",lizard,lawn mower,arbitration_dataset/images/size/size_0403_cf.png,arbitration_dataset/images/size/size_0403_std.png,visual_counterfact
size_0404,size,lizard,"Which is bigger, the lizard?",rapeseed,lizard,arbitration_dataset/images/size/size_0404_cf.png,arbitration_dataset/images/size/size_0404_std.png,visual_counterfact
size_0405,size,lizard,"Which is bigger, the lizard?",snail,lizard,arbitration_dataset/images/size/size_0405_cf.png,arbitration_dataset/images/size/size_0405_std.png,visual_counterfact
size_0406,size,lobster,"Which is bigger, the lobster?",lobster,limousine,arbitration_dataset/images/size/size_0406_cf.png,arbitration_dataset/images/size/size_0406_std.png,visual_counterfact
size_0407,size,lobster,"Which is bigger, the lobster?",grasshopper,lobster,arbitration_dataset/images/size/size_0407_cf.png,arbitration_dataset/images/size/size_0407_std.png,visual_counterfact
size_0408,size,lock,"Which is bigger, the lock?",lock,refrigerator,arbitration_dataset/images/size/size_0408_cf.png,arbitration_dataset/images/size/size_0408_std.png,visual_counterfact
size_0409,size,lotion,"Which is bigger, the lotion?",matchstick,lotion,arbitration_dataset/images/size/size_0409_cf.png,arbitration_dataset/images/size/size_0409_std.png,visual_counterfact
size_0410,size,lotion,"Which is bigger, the lotion?",lotion,marimba,arbitration_dataset/images/size/size_0410_cf.png,arbitration_dataset/images/size/size_0410_std.png,visual_counterfact
size_0411,size,loudspeaker,"Which is bigger, the loudspeaker?",lacewing,loudspeaker,arbitration_dataset/images/size/size_0411_cf.png,arbitration_dataset/images/size/size_0411_std.png,visual_counterfact
size_0412,size,lycaenid,"Which is bigger, the lycaenid?",tick,lycaenid,arbitration_dataset/images/size/size_0412_cf.png,arbitration_dataset/images/size/size_0412_std.png,visual_counterfact
size_0413,size,mackerel,"Which is bigger, the mackerel?",mackerel,pool table,arbitration_dataset/images/size/size_0413_cf.png,arbitration_dataset/images/size/size_0413_std.png,visual_counterfact
size_0414,size,mackerel,"Which is bigger, the mackerel?",cigarette,mackerel,arbitration_dataset/images/size/size_0414_cf.png,arbitration_dataset/images/size/size_0414_std.png,visual_counterfact
size_0415,size,mandarin,"Which is bigger, the mandarin?",emerald,mandarin,arbitration_dataset/images/size/size_0415_cf.png,arbitration_dataset/images/size/size_0415_std.png,visual_counterfact
size_0416,size,mandarin,"Which is bigger, the mandarin?",mandarin,jeans,arbitration_dataset/images/size/size_0416_cf.png,arbitration_dataset/images/size/size_0416_std.png,visual_counterfact
size_0417,size,matchstick,"Which is bigger, the matchstick?",ladybug,matchstick,arbitration_dataset/images/size/size_0417_cf.png,arbitration_dataset/images/size/size_0417_std.png,visual_counterfact
size_0418,size,meerkat,"Which is bigger, the meerkat?",acorn,meerkat,arbitration_dataset/images/size/size_0418_cf.png,arbitration_dataset/images/size/size_0418_std.png,visual_counterfact
size_0419,size,microscope,"Which is bigger, the microscope?",eraser,microscope,arbitration_dataset/images/size/size_0419_cf.png,arbitration_dataset/images/size/size_0419_std.png,visual_counterfact
size_0420,size,microscope,"Which is bigger, the microscope?",microscope,lifeboat,arbitration_dataset/images/size/size_0420_cf.png,arbitration_dataset/images/size/size_0420_std.png,visual_counterfact
size_0421,size,microwave,"Which is bigger, the microwave?",microwave,sailboat,arbitration_dataset/images/size/size_0421_cf.png,arbitration_dataset/images/size/size_0421_std.png,visual_counterfact
size_0422,size,mink,"Which is bigger, the mink?",nail,mink,arbitration_dataset/images/size/size_0422_cf.png,arbitration_dataset/images/size/size_0422_std.png,visual_counterfact
size_0423,size,mink,"Which is bigger, the mink?",mink,car,arbitration_dataset/images/size/size_0423_cf.png,arbitration_dataset/images/size/size_0423_std.png,visual_counterfact
size_0424,size,mirror,"Which is bigger, the mirror?",mirror,buckeye,arbitration_dataset/images/size/size_0424_cf.png,arbitration_dataset/images/size/size_0424_std.png,visual_counterfact
size_0425,size,mirror,"Which is bigger, the mirror?",lipstick,mirror,arbitration_dataset/images/size/size_0425_cf.png,arbitration_dataset/images/size/size_0425_std.png,visual_counterfact
size_0426,size,modem,"Which is bigger, the modem?",ring,modem,arbitration_dataset/images/size/size_0426_cf.png,arbitration_dataset/images/size/size_0426_std.png,visual_counterfact
size_0427,size,modem,"Which is bigger, the modem?",modem,bearskin,arbitration_dataset/images/size/size_0427_cf.png,arbitration_dataset/images/size/size_0427_std.png,visual_counterfact
size_0428,size,monarch,"Which is bigger, the monarch?",rapeseed,monarch,arbitration_dataset/images/size/size_0428_cf.png,arbitration_dataset/images/size/size_0428_std.png,visual_counterfact
size_0429,size,monarch,"Which is bigger, the monarch?",monarch,cockatoo,arbitration_dataset/images/size/size_0429_cf.png,arbitration_dataset/images/size/size_0429_std.png,visual_counterfact
size_0430,size,monitor,"Which is bigger, the monitor?",fig,monitor,arbitration_dataset/images/size/size_0430_cf.png,arbitration_dataset/images/size/size_0430_std.png,visual_counterfact
size_0431,size,moose,"Which is bigger, the moose?",cantaloupe,moose,arbitration_dataset/images/size/size_0431_cf.png,arbitration_dataset/images/size/size_0431_std.png,visual_counterfact
size_0432,size,mosquito net,"Which is bigger, the mosquito net?",cocktail shaker,mosquito net,arbitration_dataset/images/size/size_0432_cf.png,arbitration_dataset/images/size/size_0432_std.png,visual_counterfact
size_0433,size,moth,"Which is bigger, the moth?",moth,raccoon,arbitration_dataset/images/size/size_0433_cf.png,arbitration_dataset/images/size/size_0433_std.png,visual_counterfact
size_0434,size,mouse,"Which is bigger, the mouse?",peas,mouse,arbitration_dataset/images/size/size_0434_cf.png,arbitration_dataset/images/size/size_0434_std.png,visual_counterfact
size_0435,size,mug,"Which is bigger, the mug?",safety pin,mug,arbitration_dataset/images/size/size_0435_cf.png,arbitration_dataset/images/size/size_0435_std.png,visual_counterfact
size_0436,size,mushroom,"Which is bigger, the mushroom?",housefly,mushroom,arbitration_dataset/images/size/size_0436_cf.png,arbitration_dataset/images/size/size_0436_std.png,visual_counterfact
size_0437,size,mushroom,"Which is bigger, the mushroom?",mushroom,raccoon,arbitration_dataset/images/size/size_0437_cf.png,arbitration_dataset/images/size/size_0437_std.png,visual_counterfact
size_0438,size,nail,"Which is bigger, the nail?",ladybug,nail,arbitration_dataset/images/size/size_0438_cf.png,arbitration_dataset/images/size/size_0438_std.png,visual_counterfact
size_0439,size,napkin,"Which is bigger, the napkin?",hornet,napkin,arbitration_dataset/images/size/size_0439_cf.png,arbitration_dataset/images/size/size_0439_std.png,visual_counterfact
size_0440,size,napkin,"Which is bigger, the napkin?",napkin,crane,arbitration_dataset/images/size/size_0440_cf.png,arbitration_dataset/images/size/size_0440_std.png,visual_counterfact
size_0441,size,nightingale,"Which is bigger, the nightingale?",acorn,nightingale,arbitration_dataset/images/size/size_0441_cf.png,arbitration_dataset/images/size/size_0441_std.png,visual_counterfact
size_0442,size,nightingale,"Which is bigger, the nightingale?",nightingale,camel,arbitration_dataset/images/size/size_0442_cf.png,arbitration_dataset/images/size/size_0442_std.png,visual_counterfact
size_0443,size,orange,"Which is bigger, the orange?",orange,swan,arbitration_dataset/images/size/size_0443_cf.png,arbitration_dataset/images/size/size_0443_std.png,visual_counterfact
size_0444,size,orangutan,"Which is bigger, the orangutan?",sunglasses,orangutan,arbitration_dataset/images/size/size_0444_cf.png,arbitration_dataset/images/size/size_0444_std.png,visual_counterfact
size_0445,size,orangutan,"Which is bigger, the orangutan?",orangutan,rocket,arbitration_dataset/images/size/size_0445_cf.png,arbitration_dataset/images/size/size_0445_std.png,visual_counterfact
size_0446,size,orca,"Which is bigger, the orca?",orca,steel arch bridge,arbitration_dataset/images/size/size_0446_cf.png,arbitration_dataset/images/size/size_0446_std.png,visual_counterfact
size_0447,size,orca,"Which is bigger, the orca?",basketball,orca,arbitration_dataset/images/size/size_0447_cf.png,arbitration_dataset/images/size/size_0447_std.png,visual_counterfact
size_0448,size,orchid,"Which is bigger, the orchid?",orchid,rv,arbitration_dataset/images/size/size_0448_cf.png,arbitration_dataset/images/size/size_0448_std.png,visual_counterfact
size_0449,size,orchid,"Which is bigger, the orchid?",mantis,orchid,arbitration_dataset/images/size/size_0449_cf.png,arbitration_dataset/images/size/size_0449_std.png,visual_counterfact
size_0450,size,oriole,"Which is bigger, the oriole?",raspberry,oriole,arbitration_dataset/images/size/size_0450_cf.png,arbitration_dataset/images/size/size_0450_std.png,visual_counterfact
size_0451,size,ostrich,"Which is bigger, the ostrich?",cabbage,ostrich,arbitration_dataset/images/size/size_0451_cf.png,arbitration_dataset/images/size/size_0451_std.png,visual_counterfact
size_0452,size,ostrich,"Which is bigger, the ostrich?",ostrich,space shuttle,arbitration_dataset/images/size/size_0452_cf.png,arbitration_dataset/images/size/size_0452_std.png,visual_counterfact
size_0453,size,otter,"Which is bigger, the otter?",hornet,otter,arbitration_dataset/images/size/size_0453_cf.png,arbitration_dataset/images/size/size_0453_std.png,visual_counterfact
size_0454,size,oven,"Which is bigger, the oven?",oven,buckeye,arbitration_dataset/images/size/size_0454_cf.png,arbitration_dataset/images/size/size_0454_std.png,visual_counterfact
size_0455,size,oven,"Which is bigger, the oven?",fish,oven,arbitration_dataset/images/size/size_0455_cf.png,arbitration_dataset/images/size/size_0455_std.png,visual_counterfact
size_0456,size,owl,"Which is bigger, the owl?",lime,owl,arbitration_dataset/images/size/size_0456_cf.png,arbitration_dataset/images/size/size_0456_std.png,visual_counterfact
size_0457,size,owl,"Which is bigger, the owl?",owl,barn,arbitration_dataset/images/size/size_0457_cf.png,arbitration_dataset/images/size/size_0457_std.png,visual_counterfact
size_0458,size,ox,"Which is bigger, the ox?",ox,birch,arbitration_dataset/images/size/size_0458_cf.png,arbitration_dataset/images/size/size_0458_std.png,visual_counterfact
size_0459,size,ox,"Which is bigger, the ox?",flute,ox,arbitration_dataset/images/size/size_0459_cf.png,arbitration_dataset/images/size/size_0459_std.png,visual_counterfact
size_0460,size,oystercatcher,"Which is bigger, the oystercatcher?",oystercatcher,fireboat,arbitration_dataset/images/size/size_0460_cf.png,arbitration_dataset/images/size/size_0460_std.png,visual_counterfact
size_0461,size,oystercatcher,"Which is bigger, the oystercatcher?",golf ball,oystercatcher,arbitration_dataset/images/size/size_0461_cf.png,arbitration_dataset/images/size/size_0461_std.png,visual_counterfact
size_0462,size,panda,"Which is bigger, the panda?",panda,rocket,arbitration_dataset/images/size/size_0462_cf.png,arbitration_dataset/images/size/size_0462_std.png,visual_counterfact
size_0463,size,panther,"Which is bigger, the panther?",salamander,panther,arbitration_dataset/images/size/size_0463_cf.png,arbitration_dataset/images/size/size_0463_std.png,visual_counterfact
size_0464,size,panther,"Which is bigger, the panther?",panther,rocket,arbitration_dataset/images/size/size_0464_cf.png,arbitration_dataset/images/size/size_0464_std.png,visual_counterfact
size_0465,size,paper towel,"Which is bigger, the paper towel?",lacewing,paper towel,arbitration_dataset/images/size/size_0465_cf.png,arbitration_dataset/images/size/size_0465_std.png,visual_counterfact
size_0466,size,parakeet,"Which is bigger, the parakeet?",parakeet,camel,arbitration_dataset/images/size/size_0466_cf.png,arbitration_dataset/images/size/size_0466_std.png,visual_counterfact
size_0467,size,parking meter,"Which is bigger, the parking meter?",monarch,parking meter,arbitration_dataset/images/size/size_0467_cf.png,arbitration_dataset/images/size/size_0467_std.png,visual_counterfact
size_0468,size,parrot,"Which is bigger, the parrot?",eraser,parrot,arbitration_dataset/images/size/size_0468_cf.png,arbitration_dataset/images/size/size_0468_std.png,visual_counterfact
size_0469,size,parrot,"Which is bigger, the parrot?",parrot,lifeboat,arbitration_dataset/images/size/size_0469_cf.png,arbitration_dataset/images/size/size_0469_std.png,visual_counterfact
size_0470,size,parsley,"Which is bigger, the parsley?",mouse,parsley,arbitration_dataset/images/size/size_0470_cf.png,arbitration_dataset/images/size/size_0470_std.png,visual_counterfact
size_0471,size,parsley,"Which is bigger, the parsley?",parsley,bus,arbitration_dataset/images/size/size_0471_cf.png,arbitration_dataset/images/size/size_0471_std.png,visual_counterfact
size_0472,size,peacock,"Which is bigger, the peacock?",turnip,peacock,arbitration_dataset/images/size/size_0472_cf.png,arbitration_dataset/images/size/size_0472_std.png,visual_counterfact
size_0473,size,peacock,"Which is bigger, the peacock?",peacock,birch,arbitration_dataset/images/size/size_0473_cf.png,arbitration_dataset/images/size/size_0473_std.png,visual_counterfact
size_0474,size,peas,"Which is bigger, the peas?",wasp,peas,arbitration_dataset/images/size/size_0474_cf.png,arbitration_dataset/images/size/size_0474_std.png,visual_counterfact
size_0475,size,peas,"Which is bigger, the peas?",peas,pencil,arbitration_dataset/images/size/size_0475_cf.png,arbitration_dataset/images/size/size_0475_std.png,visual_counterfact
size_0476,size,pen,"Which is bigger, the pen?",peas,pen,arbitration_dataset/images/size/size_0476_cf.png,arbitration_dataset/images/size/size_0476_std.png,visual_counterfact
size_0477,size,pen,"Which is bigger, the pen?",pen,beaver,arbitration_dataset/images/size/size_0477_cf.png,arbitration_dataset/images/size/size_0477_std.png,visual_counterfact
size_0478,size,pencil,"Which is bigger, the pencil?",pencil,hose,arbitration_dataset/images/size/size_0478_cf.png,arbitration_dataset/images/size/size_0478_std.png,visual_counterfact
size_0479,size,penguin,"Which is bigger, the penguin?",penguin,barn,arbitration_dataset/images/size/size_0479_cf.png,arbitration_dataset/images/size/size_0479_std.png,visual_counterfact
size_0480,size,piano,"Which is bigger, the piano?",zucchini,piano,arbitration_dataset/images/size/size_0480_cf.png,arbitration_dataset/images/size/size_0480_std.png,visual_counterfact
size_0481,size,piano,"Which is bigger, the piano?",piano,birch,arbitration_dataset/images/size/size_0481_cf.png,arbitration_dataset/images/size/size_0481_std.png,visual_counterfact
size_0482,size,pickle,"Which is bigger, the pickle?",pickle,pig,arbitration_dataset/images/size/size_0482_cf.png,arbitration_dataset/images/size/size_0482_std.png,visual_counterfact
size_0483,size,pig,"Which is bigger, the pig?",pig,barn,arbitration_dataset/images/size/size_0483_cf.png,arbitration_dataset/images/size/size_0483_std.png,visual_counterfact
size_0484,size,pigeon,"Which is bigger, the pigeon?",cranberry,pigeon,arbitration_dataset/images/size/size_0484_cf.png,arbitration_dataset/images/size/size_0484_std.png,visual_counterfact
size_0485,size,pigeon,"Which is bigger, the pigeon?",pigeon,walrus,arbitration_dataset/images/size/size_0485_cf.png,arbitration_dataset/images/size/size_0485_std.png,visual_counterfact
size_0486,size,piggy bank,"Which is bigger, the piggy bank?",ring,piggy bank,arbitration_dataset/images/size/size_0486_cf.png,arbitration_dataset/images/size/size_0486_std.png,visual_counterfact
size_0487,size,piggy bank,"Which is bigger, the piggy bank?",piggy bank,bearskin,arbitration_dataset/images/size/size_0487_cf.png,arbitration_dataset/images/size/size_0487_std.png,visual_counterfact
size_0488,size,pill bottle,"Which is bigger, the pill bottle?",pill bottle,hay,arbitration_dataset/images/size/size_0488_cf.png,arbitration_dataset/images/size/size_0488_std.png,visual_counterfact
size_0489,size,pillow,"Which is bigger, the pillow?",golf ball,pillow,arbitration_dataset/images/size/size_0489_cf.png,arbitration_dataset/images/size/size_0489_std.png,visual_counterfact
size_0490,size,pillow,"Which is bigger, the pillow?",pillow,fireboat,arbitration_dataset/images/size/size_0490_cf.png,arbitration_dataset/images/size/size_0490_std.png,visual_counterfact
size_0491,size,pineapple,"Which is bigger, the pineapple?",pineapple,tiger,arbitration_dataset/images/size/size_0491_cf.png,arbitration_dataset/images/size/size_0491_std.png,visual_counterfact
size_0492,size,pineapple,"Which is bigger, the pineapple?",cherry,pineapple,arbitration_dataset/images/size/size_0492_cf.png,arbitration_dataset/images/size/size_0492_std.png,visual_counterfact
size_0493,size,ping-pong balls,"Which is bigger, the ping-pong balls?",pingpong balls,oystercatcher,arbitration_dataset/images/size/size_0493_cf.png,arbitration_dataset/images/size/size_0493_std.png,visual_counterfact
size_0494,size,pistol,"Which is bigger, the pistol?",pistol,lawn mower,arbitration_dataset/images/size/size_0494_cf.png,arbitration_dataset/images/size/size_0494_std.png,visual_counterfact
size_0495,size,plastic bag,"Which is bigger, the plastic bag?",plastic bag,lifeboat,arbitration_dataset/images/size/size_0495_cf.png,arbitration_dataset/images/size/size_0495_std.png,visual_counterfact
size_0496,size,plate,"Which is bigger, the plate?",snail,plate,arbitration_dataset/images/size/size_0496_cf.png,arbitration_dataset/images/size/size_0496_std.png,visual_counterfact
size_0497,size,plate,"Which is bigger, the plate?",plate,thatch,arbitration_dataset/images/size/size_0497_cf.png,arbitration_dataset/images/size/size_0497_std.png,visual_counterfact
size_0498,size,platypus,"Which is bigger, the platypus?",nail,platypus,arbitration_dataset/images/size/size_0498_cf.png,arbitration_dataset/images/size/size_0498_std.png,visual_counterfact
size_0499,size,platypus,"Which is bigger, the platypus?",platypus,snowplow,arbitration_dataset/images/size/size_0499_cf.png,arbitration_dataset/images/size/size_0499_std.png,visual_counterfact
size_0500,size,pliers,"Which is bigger, the pliers?",pliers,table,arbitration_dataset/images/size/size_0500_cf.png,arbitration_dataset/images/size/size_0500_std.png,visual_counterfact
size_0501,size,pliers,"Which is bigger, the pliers?",safety pin,pliers,arbitration_dataset/images/size/size_0501_cf.png,arbitration_dataset/images/size/size_0501_std.png,visual_counterfact
size_0502,size,plum,"Which is bigger, the plum?",housefly,plum,arbitration_dataset/images/size/size_0502_cf.png,arbitration_dataset/images/size/size_0502_std.png,visual_counterfact
size_0503,size,plum,"Which is bigger, the plum?",plum,raccoon,arbitration_dataset/images/size/size_0503_cf.png,arbitration_dataset/images/size/size_0503_std.png,visual_counterfact
size_0504,size,plunger,"Which is bigger, the plunger?",plunger,thatch,arbitration_dataset/images/size/size_0504_cf.png,arbitration_dataset/images/size/size_0504_std.png,visual_counterfact
size_0505,size,plunger,"Which is bigger, the plunger?",snail,plunger,arbitration_dataset/images/size/size_0505_cf.png,arbitration_dataset/images/size/size_0505_std.png,visual_counterfact
size_0506,size,pomegranate,"Which is bigger, the pomegranate?",safety pin,pomegranate,arbitration_dataset/images/size/size_0506_cf.png,arbitration_dataset/images/size/size_0506_std.png,visual_counterfact
size_0507,size,pomegranate,"Which is bigger, the pomegranate?",pomegranate,panda,arbitration_dataset/images/size/size_0507_cf.png,arbitration_dataset/images/size/size_0507_std.png,visual_counterfact
size_0508,size,pool table,"Which is bigger, the pool table?",pool table,space shuttle,arbitration_dataset/images/size/size_0508_cf.png,arbitration_dataset/images/size/size_0508_std.png,visual_counterfact
size_0509,size,poppy,"Which is bigger, the poppy?",poppy,fireboat,arbitration_dataset/images/size/size_0509_cf.png,arbitration_dataset/images/size/size_0509_std.png,visual_counterfact
size_0510,size,poppy,"Which is bigger, the poppy?",golf ball,poppy,arbitration_dataset/images/size/size_0510_cf.png,arbitration_dataset/images/size/size_0510_std.png,visual_counterfact
size_0511,size,porcupine,"Which is bigger, the porcupine?",porcupine,bus,arbitration_dataset/images/size/size_0511_cf.png,arbitration_dataset/images/size/size_0511_std.png,visual_counterfact
size_0512,size,potato,"Which is bigger, the potato?",potato,jeans,arbitration_dataset/images/size/size_0512_cf.png,arbitration_dataset/images/size/size_0512_std.png,visual_counterfact
size_0513,size,pretzel,"Which is bigger, the pretzel?",safety pin,pretzel,arbitration_dataset/images/size/size_0513_cf.png,arbitration_dataset/images/size/size_0513_std.png,visual_counterfact
size_0514,size,pretzel,"Which is bigger, the pretzel?",pretzel,sleigh,arbitration_dataset/images/size/size_0514_cf.png,arbitration_dataset/images/size/size_0514_std.png,visual_counterfact
size_0515,size,ptarmigan,"Which is bigger, the ptarmigan?",nail,ptarmigan,arbitration_dataset/images/size/size_0515_cf.png,arbitration_dataset/images/size/size_0515_std.png,visual_counterfact
size_0516,size,ptarmigan,"Which is bigger, the ptarmigan?",ptarmigan,snowplow,arbitration_dataset/images/size/size_0516_cf.png,arbitration_dataset/images/size/size_0516_std.png,visual_counterfact
size_0517,size,puck,"Which is bigger, the puck?",rapeseed,puck,arbitration_dataset/images/size/size_0517_cf.png,arbitration_dataset/images/size/size_0517_std.png,visual_counterfact
size_0518,size,pumpkin,"Which is bigger, the pumpkin?",pumpkin,crane,arbitration_dataset/images/size/size_0518_cf.png,arbitration_dataset/images/size/size_0518_std.png,visual_counterfact
size_0519,size,pumpkin,"Which is bigger, the pumpkin?",hornet,pumpkin,arbitration_dataset/images/size/size_0519_cf.png,arbitration_dataset/images/size/size_0519_std.png,visual_counterfact
size_0520,size,punching bag,"Which is bigger, the punching bag?",punching bag,fireboat,arbitration_dataset/images/size/size_0520_cf.png,arbitration_dataset/images/size/size_0520_std.png,visual_counterfact
size_0521,size,raccoon,"Which is bigger, the raccoon?",raccoon,elephant,arbitration_dataset/images/size/size_0521_cf.png,arbitration_dataset/images/size/size_0521_std.png,visual_counterfact
size_0522,size,radio,"Which is bigger, the radio?",lacewing,radio,arbitration_dataset/images/size/size_0522_cf.png,arbitration_dataset/images/size/size_0522_std.png,visual_counterfact
size_0523,size,radish,"Which is bigger, the radish?",radish,owl,arbitration_dataset/images/size/size_0523_cf.png,arbitration_dataset/images/size/size_0523_std.png,visual_counterfact
size_0524,size,radish,"Which is bigger, the radish?",peas,radish,arbitration_dataset/images/size/size_0524_cf.png,arbitration_dataset/images/size/size_0524_std.png,visual_counterfact
size_0525,size,raisin,"Which is bigger, the raisin?",raisin,chain,arbitration_dataset/images/size/size_0525_cf.png,arbitration_dataset/images/size/size_0525_std.png,visual_counterfact
size_0526,size,rapeseed,"Which is bigger, the rapeseed?",ladybug,rapeseed,arbitration_dataset/images/size/size_0526_cf.png,arbitration_dataset/images/size/size_0526_std.png,visual_counterfact
size_0527,size,raspberry,"Which is bigger, the raspberry?",grape,raspberry,arbitration_dataset/images/size/size_0527_cf.png,arbitration_dataset/images/size/size_0527_std.png,visual_counterfact
size_0528,size,raspberry,"Which is bigger, the raspberry?",raspberry,football,arbitration_dataset/images/size/size_0528_cf.png,arbitration_dataset/images/size/size_0528_std.png,visual_counterfact
size_0529,size,rattlesnake,"Which is bigger, the rattlesnake?",rattlesnake,boat,arbitration_dataset/images/size/size_0529_cf.png,arbitration_dataset/images/size/size_0529_std.png,visual_counterfact
size_0530,size,rattlesnake,"Which is bigger, the rattlesnake?",lacewing,rattlesnake,arbitration_dataset/images/size/size_0530_cf.png,arbitration_dataset/images/size/size_0530_std.png,visual_counterfact
size_0531,size,raven,"Which is bigger, the raven?",raven,limousine,arbitration_dataset/images/size/size_0531_cf.png,arbitration_dataset/images/size/size_0531_std.png,visual_counterfact
size_0532,size,raven,"Which is bigger, the raven?",grasshopper,raven,arbitration_dataset/images/size/size_0532_cf.png,arbitration_dataset/images/size/size_0532_std.png,visual_counterfact
size_0533,size,refrigerator,"Which is bigger, the refrigerator?",refrigerator,tree,arbitration_dataset/images/size/size_0533_cf.png,arbitration_dataset/images/size/size_0533_std.png,visual_counterfact
size_0534,size,remote,"Which is bigger, the remote?",remote,table,arbitration_dataset/images/size/size_0534_cf.png,arbitration_dataset/images/size/size_0534_std.png,visual_counterfact
size_0535,size,remote,"Which is bigger, the remote?",safety pin,remote,arbitration_dataset/images/size/size_0535_cf.png,arbitration_dataset/images/size/size_0535_std.png,visual_counterfact
size_0536,size,rhubarb,"Which is bigger, the rhubarb?",rhubarb,birch,arbitration_dataset/images/size/size_0536_cf.png,arbitration_dataset/images/size/size_0536_std.png,visual_counterfact
size_0537,size,rifle,"Which is bigger, the rifle?",rifle,rv,arbitration_dataset/images/size/size_0537_cf.png,arbitration_dataset/images/size/size_0537_std.png,visual_counterfact
size_0538,size,rifle,"Which is bigger, the rifle?",snail,rifle,arbitration_dataset/images/size/size_0538_cf.png,arbitration_dataset/images/size/size_0538_std.png,visual_counterfact
size_0539,size,ring,"Which is bigger, the ring?",ladybug,ring,arbitration_dataset/images/size/size_0539_cf.png,arbitration_dataset/images/size/size_0539_std.png,visual_counterfact
size_0540,size,rocket,"Which is bigger, the rocket?",wolf,rocket,arbitration_dataset/images/size/size_0540_cf.png,arbitration_dataset/images/size/size_0540_std.png,visual_counterfact
size_0541,size,rooster,"Which is bigger, the rooster?",banana,rooster,arbitration_dataset/images/size/size_0541_cf.png,arbitration_dataset/images/size/size_0541_std.png,visual_counterfact
size_0542,size,rooster,"Which is bigger, the rooster?",rooster,bus,arbitration_dataset/images/size/size_0542_cf.png,arbitration_dataset/images/size/size_0542_std.png,visual_counterfact
size_0543,size,rose,"Which is bigger, the rose?",rose,tree,arbitration_dataset/images/size/size_0543_cf.png,arbitration_dataset/images/size/size_0543_std.png,visual_counterfact
size_0544,size,saddle,"Which is bigger, the saddle?",mouse,saddle,arbitration_dataset/images/size/size_0544_cf.png,arbitration_dataset/images/size/size_0544_std.png,visual_counterfact
size_0545,size,saddle,"Which is bigger, the saddle?",saddle,bus,arbitration_dataset/images/size/size_0545_cf.png,arbitration_dataset/images/size/size_0545_std.png,visual_counterfact
size_0546,size,safe,"Which is bigger, the safe?",ballpoint,safe,arbitration_dataset/images/size/size_0546_cf.png,arbitration_dataset/images/size/size_0546_std.png,visual_counterfact
size_0547,size,safe,"Which is bigger, the safe?",safe,fireboat,arbitration_dataset/images/size/size_0547_cf.png,arbitration_dataset/images/size/size_0547_std.png,visual_counterfact
size_0548,size,safety pin,"Which is bigger, the safety pin?",ladybug,safety pin,arbitration_dataset/images/size/size_0548_cf.png,arbitration_dataset/images/size/size_0548_std.png,visual_counterfact
size_0549,size,sailboat,"Which is bigger, the sailboat?",sailboat,pyramid,arbitration_dataset/images/size/size_0549_cf.png,arbitration_dataset/images/size/size_0549_std.png,visual_counterfact
size_0550,size,salamander,"Which is bigger, the salamander?",safety pin,salamander,arbitration_dataset/images/size/size_0550_cf.png,arbitration_dataset/images/size/size_0550_std.png,visual_counterfact
size_0551,size,salamander,"Which is bigger, the salamander?",safety pin,salamander,arbitration_dataset/images/size/size_0551_cf.png,arbitration_dataset/images/size/size_0551_std.png,visual_counterfact
size_0552,size,sandpaper,"Which is bigger, the sandpaper?",caterpillar,sandpaper,arbitration_dataset/images/size/size_0552_cf.png,arbitration_dataset/images/size/size_0552_std.png,visual_counterfact
size_0553,size,sardine,"Which is bigger, the sardine?",sardine,lawn mower,arbitration_dataset/images/size/size_0553_cf.png,arbitration_dataset/images/size/size_0553_std.png,visual_counterfact
size_0554,size,saxophone,"Which is bigger, the saxophone?",mushroom,saxophone,arbitration_dataset/images/size/size_0554_cf.png,arbitration_dataset/images/size/size_0554_std.png,visual_counterfact
size_0555,size,saxophone,"Which is bigger, the saxophone?",saxophone,elephant,arbitration_dataset/images/size/size_0555_cf.png,arbitration_dataset/images/size/size_0555_std.png,visual_counterfact
size_0556,size,schipperke,"Which is bigger, the schipperke?",schipperke,tank,arbitration_dataset/images/size/size_0556_cf.png,arbitration_dataset/images/size/size_0556_std.png,visual_counterfact
size_0557,size,schipperke,"Which is bigger, the schipperke?",fig,schipperke,arbitration_dataset/images/size/size_0557_cf.png,arbitration_dataset/images/size/size_0557_std.png,visual_counterfact
size_0558,size,seagull,"Which is bigger, the seagull?",seagull,barn,arbitration_dataset/images/size/size_0558_cf.png,arbitration_dataset/images/size/size_0558_std.png,visual_counterfact
size_0559,size,seagull,"Which is bigger, the seagull?",pickle,seagull,arbitration_dataset/images/size/size_0559_cf.png,arbitration_dataset/images/size/size_0559_std.png,visual_counterfact
size_0560,size,seal,"Which is bigger, the seal?",seal,tree,arbitration_dataset/images/size/size_0560_cf.png,arbitration_dataset/images/size/size_0560_std.png,visual_counterfact
size_0561,size,seal,"Which is bigger, the seal?",seal,tree,arbitration_dataset/images/size/size_0561_cf.png,arbitration_dataset/images/size/size_0561_std.png,visual_counterfact
size_0562,size,seal,"Which is bigger, the seal?",jacamar,seal,arbitration_dataset/images/size/size_0562_cf.png,arbitration_dataset/images/size/size_0562_std.png,visual_counterfact
size_0563,size,seaweed,"Which is bigger, the seaweed?",zucchini,seaweed,arbitration_dataset/images/size/size_0563_cf.png,arbitration_dataset/images/size/size_0563_std.png,visual_counterfact
size_0564,size,seaweed,"Which is bigger, the seaweed?",seaweed,birch,arbitration_dataset/images/size/size_0564_cf.png,arbitration_dataset/images/size/size_0564_std.png,visual_counterfact
size_0565,size,sewing machine,"Which is bigger, the sewing machine?",mantis,sewing machine,arbitration_dataset/images/size/size_0565_cf.png,arbitration_dataset/images/size/size_0565_std.png,visual_counterfact
size_0566,size,sewing machine,"Which is bigger, the sewing machine?",sewing machine,rv,arbitration_dataset/images/size/size_0566_cf.png,arbitration_dataset/images/size/size_0566_std.png,visual_counterfact
size_0567,size,shark,"Which is bigger, the shark?",shark,airliner,arbitration_dataset/images/size/size_0567_cf.png,arbitration_dataset/images/size/size_0567_std.png,visual_counterfact
size_0568,size,shark,"Which is bigger, the shark?",bottle,shark,arbitration_dataset/images/size/size_0568_cf.png,arbitration_dataset/images/size/size_0568_std.png,visual_counterfact
size_0569,size,shark,"Which is bigger, the shark?",shark,tree,arbitration_dataset/images/size/size_0569_cf.png,arbitration_dataset/images/size/size_0569_std.png,visual_counterfact
size_0570,size,shark,"Which is bigger, the shark?",shark,airliner,arbitration_dataset/images/size/size_0570_cf.png,arbitration_dataset/images/size/size_0570_std.png,visual_counterfact
size_0571,size,shed,"Which is bigger, the shed?",basketball,shed,arbitration_dataset/images/size/size_0571_cf.png,arbitration_dataset/images/size/size_0571_std.png,visual_counterfact
size_0572,size,shed,"Which is bigger, the shed?",shed,steel arch bridge,arbitration_dataset/images/size/size_0572_cf.png,arbitration_dataset/images/size/size_0572_std.png,visual_counterfact
size_0573,size,sheep,"Which is bigger, the sheep?",sheep,barn,arbitration_dataset/images/size/size_0573_cf.png,arbitration_dataset/images/size/size_0573_std.png,visual_counterfact
size_0574,size,sheep,"Which is bigger, the sheep?",pickle,sheep,arbitration_dataset/images/size/size_0574_cf.png,arbitration_dataset/images/size/size_0574_std.png,visual_counterfact
size_0575,size,shelves,"Which is bigger, the shelves?",shelves,fence,arbitration_dataset/images/size/size_0575_cf.png,arbitration_dataset/images/size/size_0575_std.png,visual_counterfact
size_0576,size,shopping basket,"Which is bigger, the shopping basket?",eraser,shopping basket,arbitration_dataset/images/size/size_0576_cf.png,arbitration_dataset/images/size/size_0576_std.png,visual_counterfact
size_0577,size,shopping basket,"Which is bigger, the shopping basket?",shopping basket,lifeboat,arbitration_dataset/images/size/size_0577_cf.png,arbitration_dataset/images/size/size_0577_std.png,visual_counterfact
size_0578,size,shopping cart,"Which is bigger, the shopping cart?",shopping cart,buckeye,arbitration_dataset/images/size/size_0578_cf.png,arbitration_dataset/images/size/size_0578_std.png,visual_counterfact
size_0579,size,shrimp,"Which is bigger, the shrimp?",shrimp,saxophone,arbitration_dataset/images/size/size_0579_cf.png,arbitration_dataset/images/size/size_0579_std.png,visual_counterfact
size_0580,size,shrimp,"Which is bigger, the shrimp?",housefly,shrimp,arbitration_dataset/images/size/size_0580_cf.png,arbitration_dataset/images/size/size_0580_std.png,visual_counterfact
size_0581,size,siamang,"Which is bigger, the siamang?",siamang,fireboat,arbitration_dataset/images/size/size_0581_cf.png,arbitration_dataset/images/size/size_0581_std.png,visual_counterfact
size_0582,size,siamang,"Which is bigger, the siamang?",golf ball,siamang,arbitration_dataset/images/size/size_0582_cf.png,arbitration_dataset/images/size/size_0582_std.png,visual_counterfact
size_0583,size,sink,"Which is bigger, the sink?",sink,fence,arbitration_dataset/images/size/size_0583_cf.png,arbitration_dataset/images/size/size_0583_std.png,visual_counterfact
size_0584,size,sink,"Which is bigger, the sink?",watch,sink,arbitration_dataset/images/size/size_0584_cf.png,arbitration_dataset/images/size/size_0584_std.png,visual_counterfact
size_0585,size,ski mask,"Which is bigger, the ski mask?",lacewing,ski mask,arbitration_dataset/images/size/size_0585_cf.png,arbitration_dataset/images/size/size_0585_std.png,visual_counterfact
size_0586,size,skillet,"Which is bigger, the skillet?",skillet,thatch,arbitration_dataset/images/size/size_0586_cf.png,arbitration_dataset/images/size/size_0586_std.png,visual_counterfact
size_0587,size,skillet,"Which is bigger, the skillet?",snail,skillet,arbitration_dataset/images/size/size_0587_cf.png,arbitration_dataset/images/size/size_0587_std.png,visual_counterfact
size_0588,size,skunk,"Which is bigger, the skunk?",skunk,limousine,arbitration_dataset/images/size/size_0588_cf.png,arbitration_dataset/images/size/size_0588_std.png,visual_counterfact
size_0589,size,skunk,"Which is bigger, the skunk?",grasshopper,skunk,arbitration_dataset/images/size/size_0589_cf.png,arbitration_dataset/images/size/size_0589_std.png,visual_counterfact
size_0590,size,sleigh,"Which is bigger, the sleigh?",sleigh,tree,arbitration_dataset/images/size/size_0590_cf.png,arbitration_dataset/images/size/size_0590_std.png,visual_counterfact
size_0591,size,smoking pipe,"Which is bigger, the smoking pipe?",smoking pipe,lawn mower,arbitration_dataset/images/size/size_0591_cf.png,arbitration_dataset/images/size/size_0591_std.png,visual_counterfact
size_0592,size,snake,"Which is bigger, the snake?",cigarette,snake,arbitration_dataset/images/size/size_0592_cf.png,arbitration_dataset/images/size/size_0592_std.png,visual_counterfact
size_0593,size,snake,"Which is bigger, the snake?",caterpillar,snake,arbitration_dataset/images/size/size_0593_cf.png,arbitration_dataset/images/size/size_0593_std.png,visual_counterfact
size_0594,size,snake,"Which is bigger, the snake?",snake,chainlink,arbitration_dataset/images/size/size_0594_cf.png,arbitration_dataset/images/size/size_0594_std.png,visual_counterfact
size_0595,size,snake,"Which is bigger, the snake?",snake,van,arbitration_dataset/images/size/size_0595_cf.png,arbitration_dataset/images/size/size_0595_std.png,visual_counterfact
size_0596,size,snake,"Which is bigger, the snake?",beetle,snake,arbitration_dataset/images/size/size_0596_cf.png,arbitration_dataset/images/size/size_0596_std.png,visual_counterfact
size_0597,size,snowplow,"Which is bigger, the snowplow?",snowplow,airplane,arbitration_dataset/images/size/size_0597_cf.png,arbitration_dataset/images/size/size_0597_std.png,visual_counterfact
size_0598,size,sofa,"Which is bigger, the sofa?",pretzel,sofa,arbitration_dataset/images/size/size_0598_cf.png,arbitration_dataset/images/size/size_0598_std.png,visual_counterfact
size_0599,size,sofa,"Which is bigger, the sofa?",sofa,tree,arbitration_dataset/images/size/size_0599_cf.png,arbitration_dataset/images/size/size_0599_std.png,visual_counterfact
size_0600,size,space heater,"Which is bigger, the space heater?",eraser,space heater,arbitration_dataset/images/size/size_0600_cf.png,arbitration_dataset/images/size/size_0600_std.png,visual_counterfact
size_0601,size,sparrow,"Which is bigger, the sparrow?",matchstick,sparrow,arbitration_dataset/images/size/size_0601_cf.png,arbitration_dataset/images/size/size_0601_std.png,visual_counterfact
size_0602,size,sparrow,"Which is bigger, the sparrow?",sparrow,marimba,arbitration_dataset/images/size/size_0602_cf.png,arbitration_dataset/images/size/size_0602_std.png,visual_counterfact
size_0603,size,spider,"Which is bigger, the spider?",spider,frog,arbitration_dataset/images/size/size_0603_cf.png,arbitration_dataset/images/size/size_0603_std.png,visual_counterfact
size_0604,size,spinach,"Which is bigger, the spinach?",emerald,spinach,arbitration_dataset/images/size/size_0604_cf.png,arbitration_dataset/images/size/size_0604_std.png,visual_counterfact
size_0605,size,spoon,"Which is bigger, the spoon?",spoon,swan,arbitration_dataset/images/size/size_0605_cf.png,arbitration_dataset/images/size/size_0605_std.png,visual_counterfact
size_0606,size,spoonbill,"Which is bigger, the spoonbill?",spoonbill,tree,arbitration_dataset/images/size/size_0606_cf.png,arbitration_dataset/images/size/size_0606_std.png,visual_counterfact
size_0607,size,squash,"Which is bigger, the squash?",squash,pool table,arbitration_dataset/images/size/size_0607_cf.png,arbitration_dataset/images/size/size_0607_std.png,visual_counterfact
size_0608,size,squash,"Which is bigger, the squash?",cigarette,squash,arbitration_dataset/images/size/size_0608_cf.png,arbitration_dataset/images/size/size_0608_std.png,visual_counterfact
size_0609,size,squirrel,"Which is bigger, the squirrel?",squirrel,alligator,arbitration_dataset/images/size/size_0609_cf.png,arbitration_dataset/images/size/size_0609_std.png,visual_counterfact
size_0610,size,stethoscope,"Which is bigger, the stethoscope?",cigarette,stethoscope,arbitration_dataset/images/size/size_0610_cf.png,arbitration_dataset/images/size/size_0610_std.png,visual_counterfact
size_0611,size,stethoscope,"Which is bigger, the stethoscope?",stethoscope,chainlink,arbitration_dataset/images/size/size_0611_cf.png,arbitration_dataset/images/size/size_0611_std.png,visual_counterfact
size_0612,size,stick,"Which is bigger, the stick?",acorn,stick,arbitration_dataset/images/size/size_0612_cf.png,arbitration_dataset/images/size/size_0612_std.png,visual_counterfact
size_0613,size,stick,"Which is bigger, the stick?",stick,shark,arbitration_dataset/images/size/size_0613_cf.png,arbitration_dataset/images/size/size_0613_std.png,visual_counterfact
size_0614,size,stingray,"Which is bigger, the stingray?",stingray,tree,arbitration_dataset/images/size/size_0614_cf.png,arbitration_dataset/images/size/size_0614_std.png,visual_counterfact
size_0615,size,stingray,"Which is bigger, the stingray?",binoculars,stingray,arbitration_dataset/images/size/size_0615_cf.png,arbitration_dataset/images/size/size_0615_std.png,visual_counterfact
size_0616,size,stocking,"Which is bigger, the stocking?",lacewing,stocking,arbitration_dataset/images/size/size_0616_cf.png,arbitration_dataset/images/size/size_0616_std.png,visual_counterfact
size_0617,size,stone,"Which is bigger, the stone?",earthstar,stone,arbitration_dataset/images/size/size_0617_cf.png,arbitration_dataset/images/size/size_0617_std.png,visual_counterfact
size_0618,size,stork,"Which is bigger, the stork?",cheeseburger,stork,arbitration_dataset/images/size/size_0618_cf.png,arbitration_dataset/images/size/size_0618_std.png,visual_counterfact
size_0619,size,stork,"Which is bigger, the stork?",stork,tree,arbitration_dataset/images/size/size_0619_cf.png,arbitration_dataset/images/size/size_0619_std.png,visual_counterfact
size_0620,size,stork,"Which is bigger, the stork?",pretzel,stork,arbitration_dataset/images/size/size_0620_cf.png,arbitration_dataset/images/size/size_0620_std.png,visual_counterfact
size_0621,size,sunflower,"Which is bigger, the sunflower?",lipstick,sunflower,arbitration_dataset/images/size/size_0621_cf.png,arbitration_dataset/images/size/size_0621_std.png,visual_counterfact
size_0622,size,sunglasses,"Which is bigger, the sunglasses?",sunglasses,warthog,arbitration_dataset/images/size/size_0622_cf.png,arbitration_dataset/images/size/size_0622_std.png,visual_counterfact
size_0623,size,sunglasses,"Which is bigger, the sunglasses?",safety pin,sunglasses,arbitration_dataset/images/size/size_0623_cf.png,arbitration_dataset/images/size/size_0623_std.png,visual_counterfact
size_0624,size,sunscreen,"Which is bigger, the sunscreen?",safety pin,sunscreen,arbitration_dataset/images/size/size_0624_cf.png,arbitration_dataset/images/size/size_0624_std.png,visual_counterfact
size_0625,size,sunscreen,"Which is bigger, the sunscreen?",sunscreen,vulture,arbitration_dataset/images/size/size_0625_cf.png,arbitration_dataset/images/size/size_0625_std.png,visual_counterfact
size_0626,size,swan,"Which is bigger, the swan?",swan,birch,arbitration_dataset/images/size/size_0626_cf.png,arbitration_dataset/images/size/size_0626_std.png,visual_counterfact
size_0627,size,swan,"Which is bigger, the swan?",apple,swan,arbitration_dataset/images/size/size_0627_cf.png,arbitration_dataset/images/size/size_0627_std.png,visual_counterfact
size_0628,size,swan,"Which is bigger, the swan?",camera,swan,arbitration_dataset/images/size/size_0628_cf.png,arbitration_dataset/images/size/size_0628_std.png,visual_counterfact
size_0629,size,syrup,"Which is bigger, the syrup?",safety pin,syrup,arbitration_dataset/images/size/size_0629_cf.png,arbitration_dataset/images/size/size_0629_std.png,visual_counterfact
size_0630,size,syrup,"Which is bigger, the syrup?",syrup,sleigh,arbitration_dataset/images/size/size_0630_cf.png,arbitration_dataset/images/size/size_0630_std.png,visual_counterfact
size_0631,size,tabby,"Which is bigger, the tabby?",lacewing,tabby,arbitration_dataset/images/size/size_0631_cf.png,arbitration_dataset/images/size/size_0631_std.png,visual_counterfact
size_0632,size,table,"Which is bigger, the table?",table,tree,arbitration_dataset/images/size/size_0632_cf.png,arbitration_dataset/images/size/size_0632_std.png,visual_counterfact
size_0633,size,table,"Which is bigger, the table?",jacamar,table,arbitration_dataset/images/size/size_0633_cf.png,arbitration_dataset/images/size/size_0633_std.png,visual_counterfact
size_0634,size,tank,"Which is bigger, the tank?",microwave,tank,arbitration_dataset/images/size/size_0634_cf.png,arbitration_dataset/images/size/size_0634_std.png,visual_counterfact
size_0635,size,tank,"Which is bigger, the tank?",tank,pyramid,arbitration_dataset/images/size/size_0635_cf.png,arbitration_dataset/images/size/size_0635_std.png,visual_counterfact
size_0636,size,taxi,"Which is bigger, the taxi?",taxi,birch,arbitration_dataset/images/size/size_0636_cf.png,arbitration_dataset/images/size/size_0636_std.png,visual_counterfact
size_0637,size,taxi,"Which is bigger, the taxi?",clarinet,taxi,arbitration_dataset/images/size/size_0637_cf.png,arbitration_dataset/images/size/size_0637_std.png,visual_counterfact
size_0638,size,teddy,"Which is bigger, the teddy?",eraser,teddy,arbitration_dataset/images/size/size_0638_cf.png,arbitration_dataset/images/size/size_0638_std.png,visual_counterfact
size_0639,size,teddy,"Which is bigger, the teddy?",teddy,lifeboat,arbitration_dataset/images/size/size_0639_cf.png,arbitration_dataset/images/size/size_0639_std.png,visual_counterfact
size_0640,size,television,"Which is bigger, the television?",apples,television,arbitration_dataset/images/size/size_0640_cf.png,arbitration_dataset/images/size/size_0640_std.png,visual_counterfact
size_0641,size,television,"Which is bigger, the television?",television,tree,arbitration_dataset/images/size/size_0641_cf.png,arbitration_dataset/images/size/size_0641_std.png,visual_counterfact
size_0642,size,tench,"Which is bigger, the tench?",nail,tench,arbitration_dataset/images/size/size_0642_cf.png,arbitration_dataset/images/size/size_0642_std.png,visual_counterfact
size_0643,size,tennis ball,"Which is bigger, the tennis ball?",safety pin,tennis ball,arbitration_dataset/images/size/size_0643_cf.png,arbitration_dataset/images/size/size_0643_std.png,visual_counterfact
size_0644,size,tennis ball,"Which is bigger, the tennis ball?",tennis ball,lawn mower,arbitration_dataset/images/size/size_0644_cf.png,arbitration_dataset/images/size/size_0644_std.png,visual_counterfact
size_0645,size,thatch,"Which is bigger, the thatch?",thatch,container ship,arbitration_dataset/images/size/size_0645_cf.png,arbitration_dataset/images/size/size_0645_std.png,visual_counterfact
size_0646,size,thimble,"Which is bigger, the thimble?",wasp,thimble,arbitration_dataset/images/size/size_0646_cf.png,arbitration_dataset/images/size/size_0646_std.png,visual_counterfact
size_0647,size,thimble,"Which is bigger, the thimble?",thimble,frog,arbitration_dataset/images/size/size_0647_cf.png,arbitration_dataset/images/size/size_0647_std.png,visual_counterfact
size_0648,size,tiger,"Which is bigger, the tiger?",tiger,birch,arbitration_dataset/images/size/size_0648_cf.png,arbitration_dataset/images/size/size_0648_std.png,visual_counterfact
size_0649,size,toad,"Which is bigger, the toad?",emerald,toad,arbitration_dataset/images/size/size_0649_cf.png,arbitration_dataset/images/size/size_0649_std.png,visual_counterfact
size_0650,size,toad,"Which is bigger, the toad?",toad,swan,arbitration_dataset/images/size/size_0650_cf.png,arbitration_dataset/images/size/size_0650_std.png,visual_counterfact
size_0651,size,toaster,"Which is bigger, the toaster?",toaster,rv,arbitration_dataset/images/size/size_0651_cf.png,arbitration_dataset/images/size/size_0651_std.png,visual_counterfact
size_0652,size,toaster,"Which is bigger, the toaster?",mantis,toaster,arbitration_dataset/images/size/size_0652_cf.png,arbitration_dataset/images/size/size_0652_std.png,visual_counterfact
size_0653,size,toilet,"Which is bigger, the toilet?",fig,toilet,arbitration_dataset/images/size/size_0653_cf.png,arbitration_dataset/images/size/size_0653_std.png,visual_counterfact
size_0654,size,toilet,"Which is bigger, the toilet?",toilet,tank,arbitration_dataset/images/size/size_0654_cf.png,arbitration_dataset/images/size/size_0654_std.png,visual_counterfact
size_0655,size,tomato,"Which is bigger, the tomato?",tomato,buzzard,arbitration_dataset/images/size/size_0655_cf.png,arbitration_dataset/images/size/size_0655_std.png,visual_counterfact
size_0656,size,tomato,"Which is bigger, the tomato?",peas,tomato,arbitration_dataset/images/size/size_0656_cf.png,arbitration_dataset/images/size/size_0656_std.png,visual_counterfact
size_0657,size,toucan,"Which is bigger, the toucan?",nail,toucan,arbitration_dataset/images/size/size_0657_cf.png,arbitration_dataset/images/size/size_0657_std.png,visual_counterfact
size_0658,size,toucan,"Which is bigger, the toucan?",toucan,car,arbitration_dataset/images/size/size_0658_cf.png,arbitration_dataset/images/size/size_0658_std.png,visual_counterfact
size_0659,size,tow truck,"Which is bigger, the tow truck?",tow truck,container ship,arbitration_dataset/images/size/size_0659_cf.png,arbitration_dataset/images/size/size_0659_std.png,visual_counterfact
size_0660,size,towel,"Which is bigger, the towel?",sunglasses,towel,arbitration_dataset/images/size/size_0660_cf.png,arbitration_dataset/images/size/size_0660_std.png,visual_counterfact
size_0661,size,towel,"Which is bigger, the towel?",towel,rocket,arbitration_dataset/images/size/size_0661_cf.png,arbitration_dataset/images/size/size_0661_std.png,visual_counterfact
size_0662,size,tractor,"Which is bigger, the tractor?",oriole,tractor,arbitration_dataset/images/size/size_0662_cf.png,arbitration_dataset/images/size/size_0662_std.png,visual_counterfact
size_0663,size,trailer,"Which is bigger, the trailer?",trailer,pyramid,arbitration_dataset/images/size/size_0663_cf.png,arbitration_dataset/images/size/size_0663_std.png,visual_counterfact
size_0664,size,tricycle,"Which is bigger, the tricycle?",key,tricycle,arbitration_dataset/images/size/size_0664_cf.png,arbitration_dataset/images/size/size_0664_std.png,visual_counterfact
size_0665,size,tricycle,"Which is bigger, the tricycle?",tricycle,bus,arbitration_dataset/images/size/size_0665_cf.png,arbitration_dataset/images/size/size_0665_std.png,visual_counterfact
size_0666,size,tripod,"Which is bigger, the tripod?",tripod,rocket,arbitration_dataset/images/size/size_0666_cf.png,arbitration_dataset/images/size/size_0666_std.png,visual_counterfact
size_0667,size,tripod,"Which is bigger, the tripod?",salamander,tripod,arbitration_dataset/images/size/size_0667_cf.png,arbitration_dataset/images/size/size_0667_std.png,visual_counterfact
size_0668,size,trombone,"Which is bigger, the trombone?",trombone,barn,arbitration_dataset/images/size/size_0668_cf.png,arbitration_dataset/images/size/size_0668_std.png,visual_counterfact
size_0669,size,trombone,"Which is bigger, the trombone?",pickle,trombone,arbitration_dataset/images/size/size_0669_cf.png,arbitration_dataset/images/size/size_0669_std.png,visual_counterfact
size_0670,size,truck,"Which is bigger, the truck?",truck,steel arch bridge,arbitration_dataset/images/size/size_0670_cf.png,arbitration_dataset/images/size/size_0670_std.png,visual_counterfact
size_0671,size,truck,"Which is bigger, the truck?",basketball,truck,arbitration_dataset/images/size/size_0671_cf.png,arbitration_dataset/images/size/size_0671_std.png,visual_counterfact
size_0672,size,tub,"Which is bigger, the tub?",daisy,tub,arbitration_dataset/images/size/size_0672_cf.png,arbitration_dataset/images/size/size_0672_std.png,visual_counterfact
size_0673,size,tub,"Which is bigger, the tub?",tub,rocket,arbitration_dataset/images/size/size_0673_cf.png,arbitration_dataset/images/size/size_0673_std.png,visual_counterfact
size_0674,size,turkey,"Which is bigger, the turkey?",apples,turkey,arbitration_dataset/images/size/size_0674_cf.png,arbitration_dataset/images/size/size_0674_std.png,visual_counterfact
size_0675,size,turkey,"Which is bigger, the turkey?",turkey,tree,arbitration_dataset/images/size/size_0675_cf.png,arbitration_dataset/images/size/size_0675_std.png,visual_counterfact
size_0676,size,turtle,"Which is bigger, the turtle?",blueberry,turtle,arbitration_dataset/images/size/size_0676_cf.png,arbitration_dataset/images/size/size_0676_std.png,visual_counterfact
size_0677,size,turtle,"Which is bigger, the turtle?",turtle,giraffe,arbitration_dataset/images/size/size_0677_cf.png,arbitration_dataset/images/size/size_0677_std.png,visual_counterfact
size_0678,size,typewriter,"Which is bigger, the typewriter?",typewriter,lifeboat,arbitration_dataset/images/size/size_0678_cf.png,arbitration_dataset/images/size/size_0678_std.png,visual_counterfact
size_0679,size,typewriter,"Which is bigger, the typewriter?",eraser,typewriter,arbitration_dataset/images/size/size_0679_cf.png,arbitration_dataset/images/size/size_0679_std.png,visual_counterfact
size_0680,size,van,"Which is bigger, the van?",van,steel arch bridge,arbitration_dataset/images/size/size_0680_cf.png,arbitration_dataset/images/size/size_0680_std.png,visual_counterfact
size_0681,size,veil,"Which is bigger, the veil?",veil,tree,arbitration_dataset/images/size/size_0681_cf.png,arbitration_dataset/images/size/size_0681_std.png,visual_counterfact
size_0682,size,vine,"Which is bigger, the vine?",vine,barn,arbitration_dataset/images/size/size_0682_cf.png,arbitration_dataset/images/size/size_0682_std.png,visual_counterfact
size_0683,size,violin,"Which is bigger, the violin?",eraser,violin,arbitration_dataset/images/size/size_0683_cf.png,arbitration_dataset/images/size/size_0683_std.png,visual_counterfact
size_0684,size,vizsla,"Which is bigger, the vizsla?",vizsla,tree,arbitration_dataset/images/size/size_0684_cf.png,arbitration_dataset/images/size/size_0684_std.png,visual_counterfact
size_0685,size,vizsla,"Which is bigger, the vizsla?",lens cap,vizsla,arbitration_dataset/images/size/size_0685_cf.png,arbitration_dataset/images/size/size_0685_std.png,visual_counterfact
size_0686,size,vulture,"Which is bigger, the vulture?",vulture,tree,arbitration_dataset/images/size/size_0686_cf.png,arbitration_dataset/images/size/size_0686_std.png,visual_counterfact
size_0687,size,waffle maker,"Which is bigger, the waffle maker?",waffle maker,truck,arbitration_dataset/images/size/size_0687_cf.png,arbitration_dataset/images/size/size_0687_std.png,visual_counterfact
size_0688,size,waffle maker,"Which is bigger, the waffle maker?",earthstar,waffle maker,arbitration_dataset/images/size/size_0688_cf.png,arbitration_dataset/images/size/size_0688_std.png,visual_counterfact
size_0689,size,wallaby,"Which is bigger, the wallaby?",lipstick,wallaby,arbitration_dataset/images/size/size_0689_cf.png,arbitration_dataset/images/size/size_0689_std.png,visual_counterfact
size_0690,size,wallaby,"Which is bigger, the wallaby?",wallaby,buckeye,arbitration_dataset/images/size/size_0690_cf.png,arbitration_dataset/images/size/size_0690_std.png,visual_counterfact
size_0691,size,wallet,"Which is bigger, the wallet?",safety pin,wallet,arbitration_dataset/images/size/size_0691_cf.png,arbitration_dataset/images/size/size_0691_std.png,visual_counterfact
size_0692,size,walnut,"Which is bigger, the walnut?",peas,walnut,arbitration_dataset/images/size/size_0692_cf.png,arbitration_dataset/images/size/size_0692_std.png,visual_counterfact
size_0693,size,walnut,"Which is bigger, the walnut?",walnut,iguana,arbitration_dataset/images/size/size_0693_cf.png,arbitration_dataset/images/size/size_0693_std.png,visual_counterfact
size_0694,size,walrus,"Which is bigger, the walrus?",walrus,birch,arbitration_dataset/images/size/size_0694_cf.png,arbitration_dataset/images/size/size_0694_std.png,visual_counterfact
size_0695,size,walrus,"Which is bigger, the walrus?",cantaloupe,walrus,arbitration_dataset/images/size/size_0695_cf.png,arbitration_dataset/images/size/size_0695_std.png,visual_counterfact
size_0696,size,wand,"Which is bigger, the wand?",emerald,wand,arbitration_dataset/images/size/size_0696_cf.png,arbitration_dataset/images/size/size_0696_std.png,visual_counterfact
size_0697,size,wand,"Which is bigger, the wand?",wand,jeans,arbitration_dataset/images/size/size_0697_cf.png,arbitration_dataset/images/size/size_0697_std.png,visual_counterfact
size_0698,size,warthog,"Which is bigger, the warthog?",warthog,rocket,arbitration_dataset/images/size/size_0698_cf.png,arbitration_dataset/images/size/size_0698_std.png,visual_counterfact
size_0699,size,washer,"Which is bigger, the washer?",washer,buckeye,arbitration_dataset/images/size/size_0699_cf.png,arbitration_dataset/images/size/size_0699_std.png,visual_counterfact
size_0700,size,washer,"Which is bigger, the washer?",fish,washer,arbitration_dataset/images/size/size_0700_cf.png,arbitration_dataset/images/size/size_0700_std.png,visual_counterfact
size_0701,size,watch,"Which is bigger, the watch?",watch,shelves,arbitration_dataset/images/size/size_0701_cf.png,arbitration_dataset/images/size/size_0701_std.png,visual_counterfact
size_0702,size,weasel,"Which is bigger, the weasel?",weasel,shelves,arbitration_dataset/images/size/size_0702_cf.png,arbitration_dataset/images/size/size_0702_std.png,visual_counterfact
size_0703,size,weasel,"Which is bigger, the weasel?",rapeseed,weasel,arbitration_dataset/images/size/size_0703_cf.png,arbitration_dataset/images/size/size_0703_std.png,visual_counterfact
size_0704,size,whale,"Which is bigger, the whale?",armadillo,whale,arbitration_dataset/images/size/size_0704_cf.png,arbitration_dataset/images/size/size_0704_std.png,visual_counterfact
size_0705,size,whale,"Which is bigger, the whale?",monitor,whale,arbitration_dataset/images/size/size_0705_cf.png,arbitration_dataset/images/size/size_0705_std.png,visual_counterfact
size_0706,size,wheelbarrow,"Which is bigger, the wheelbarrow?",wheelbarrow,tree,arbitration_dataset/images/size/size_0706_cf.png,arbitration_dataset/images/size/size_0706_std.png,visual_counterfact
size_0707,size,wheelbarrow,"Which is bigger, the wheelbarrow?",flashlight,wheelbarrow,arbitration_dataset/images/size/size_0707_cf.png,arbitration_dataset/images/size/size_0707_std.png,visual_counterfact
size_0708,size,whip,"Which is bigger, the whip?",whip,ambulance,arbitration_dataset/images/size/size_0708_cf.png,arbitration_dataset/images/size/size_0708_std.png,visual_counterfact
size_0709,size,window screen,"Which is bigger, the window screen?",apples,window screen,arbitration_dataset/images/size/size_0709_cf.png,arbitration_dataset/images/size/size_0709_std.png,visual_counterfact
size_0710,size,window screen,"Which is bigger, the window screen?",window screen,tree,arbitration_dataset/images/size/size_0710_cf.png,arbitration_dataset/images/size/size_0710_std.png,visual_counterfact
size_0711,size,wine bottle,"Which is bigger, the wine bottle?",wine bottle,chainlink,arbitration_dataset/images/size/size_0711_cf.png,arbitration_dataset/images/size/size_0711_std.png,visual_counterfact
size_0712,size,wine bottle,"Which is bigger, the wine bottle?",cigarette,wine bottle,arbitration_dataset/images/size/size_0712_cf.png,arbitration_dataset/images/size/size_0712_std.png,visual_counterfact
size_0713,size,wok,"Which is bigger, the wok?",earthstar,wok,arbitration_dataset/images/size/size_0713_cf.png,arbitration_dataset/images/size/size_0713_std.png,visual_counterfact
size_0714,size,wok,"Which is bigger, the wok?",wok,truck,arbitration_dataset/images/size/size_0714_cf.png,arbitration_dataset/images/size/size_0714_std.png,visual_counterfact
size_0715,size,wolf,"Which is bigger, the wolf?",salamander,wolf,arbitration_dataset/images/size/size_0715_cf.png,arbitration_dataset/images/size/size_0715_std.png,visual_counterfact
size_0716,size,wolf,"Which is bigger, the wolf?",wolf,rocket,arbitration_dataset/images/size/size_0716_cf.png,arbitration_dataset/images/size/size_0716_std.png,visual_counterfact
size_0717,size,wolf,"Which is bigger, the wolf?",wolf,tree,arbitration_dataset/images/size/size_0717_cf.png,arbitration_dataset/images/size/size_0717_std.png,visual_counterfact
size_0718,size,wolf,"Which is bigger, the wolf?",apples,wolf,arbitration_dataset/images/size/size_0718_cf.png,arbitration_dataset/images/size/size_0718_std.png,visual_counterfact
size_0719,size,wolf,"Which is bigger, the wolf?",salamander,wolf,arbitration_dataset/images/size/size_0719_cf.png,arbitration_dataset/images/size/size_0719_std.png,visual_counterfact
size_0720,size,wombat,"Which is bigger, the wombat?",monarch,wombat,arbitration_dataset/images/size/size_0720_cf.png,arbitration_dataset/images/size/size_0720_std.png,visual_counterfact
size_0721,size,wombat,"Which is bigger, the wombat?",wombat,buckeye,arbitration_dataset/images/size/size_0721_cf.png,arbitration_dataset/images/size/size_0721_std.png,visual_counterfact
size_0722,size,wooden spoon,"Which is bigger, the wooden spoon?",wooden spoon,shark,arbitration_dataset/images/size/size_0722_cf.png,arbitration_dataset/images/size/size_0722_std.png,visual_counterfact
size_0723,size,wrench,"Which is bigger, the wrench?",matchstick,wrench,arbitration_dataset/images/size/size_0723_cf.png,arbitration_dataset/images/size/size_0723_std.png,visual_counterfact
size_0724,size,yam,"Which is bigger, the yam?",beans,yam,arbitration_dataset/images/size/size_0724_cf.png,arbitration_dataset/images/size/size_0724_std.png,visual_counterfact
size_0725,size,yam,"Which is bigger, the yam?",yam,deer,arbitration_dataset/images/size/size_0725_cf.png,arbitration_dataset/images/size/size_0725_std.png,visual_counterfact
size_0726,size,yurt,"Which is bigger, the yurt?",yurt,pyramid,arbitration_dataset/images/size/size_0726_cf.png,arbitration_dataset/images/size/size_0726_std.png,visual_counterfact
size_0727,size,zucchini,"Which is bigger, the zucchini?",emerald,zucchini,arbitration_dataset/images/size/size_0727_cf.png,arbitration_dataset/images/size/size_0727_std.png,visual_counterfact
mmstar_finegrained_0001,mmstar_finegrained,object,What is the dominant color in this image?,red,brown,arbitration_dataset/images/mmstar_finegrained/mmstar_finegrained_0001_cf.png,arbitration_dataset/images/mmstar_finegrained/mmstar_finegrained_0001_std.png,mmstar_mmstar_finegrained
mmstar_finegrained_0002,mmstar_finegrained,object,What is the dominant color in this image?,pink,yellow,arbitration_dataset/images/mmstar_finegrained/mmstar_finegrained_0002_cf.png,arbitration_dataset/images/mmstar_finegrained/mmstar_finegrained_0002_std.png,mmstar_mmstar_finegrained
mmstar_finegrained_0003,mmstar_finegrained,object,What is the dominant color in this image?,brown,orange,arbitration_dataset/images/mmstar_finegrained/mmstar_finegrained_0003_cf.png,arbitration_dataset/images/mmstar_finegrained/mmstar_finegrained_0003_std.png,mmstar_mmstar_finegrained
mmstar_finegrained_0004,mmstar_finegrained,object,What is the dominant color in this image?,red,orange,arbitration_dataset/images/mmstar_finegrained/mmstar_finegrained_0004_cf.png,arbitration_dataset/images/mmstar_finegrained/mmstar_finegrained_0004_std.png,mmstar_mmstar_finegrained
mmstar_finegrained_0005,mmstar_finegrained,object,What is the dominant color in this image?,orange,blue,arbitration_dataset/images/mmstar_finegrained/mmstar_finegrained_0005_cf.png,arbitration_dataset/images/mmstar_finegrained/mmstar_finegrained_0005_std.png,mmstar_mmstar_finegrained
mmstar_finegrained_0006,mmstar_finegrained,object,What is the dominant color in this image?,yellow,orange,arbitration_dataset/images/mmstar_finegrained/mmstar_finegrained_0006_cf.png,arbitration_dataset/images/mmstar_finegrained/mmstar_finegrained_0006_std.png,mmstar_mmstar_finegrained
mmstar_finegrained_0007,mmstar_finegrained,object,What is the dominant color in this image?,brown,orange,arbitration_dataset/images/mmstar_finegrained/mmstar_finegrained_0007_cf.png,arbitration_dataset/images/mmstar_finegrained/mmstar_finegrained_0007_std.png,mmstar_mmstar_finegrained
mmstar_finegrained_0008,mmstar_finegrained,object,What is the dominant color in this image?,pink,yellow,arbitration_dataset/images/mmstar_finegrained/mmstar_finegrained_0008_cf.png,arbitration_dataset/images/mmstar_finegrained/mmstar_finegrained_0008_std.png,mmstar_mmstar_finegrained
mmstar_finegrained_0009,mmstar_finegrained,object,What is the dominant color in this image?,orange,blue,arbitration_dataset/images/mmstar_finegrained/mmstar_finegrained_0009_cf.png,arbitration_dataset/images/mmstar_finegrained/mmstar_finegrained_0009_std.png,mmstar_mmstar_finegrained
mmstar_finegrained_0010,mmstar_finegrained,object,What is the dominant color in this image?,pink,orange,arbitration_dataset/images/mmstar_finegrained/mmstar_finegrained_0010_cf.png,arbitration_dataset/images/mmstar_finegrained/mmstar_finegrained_0010_std.png,mmstar_mmstar_finegrained
mmstar_finegrained_0011,mmstar_finegrained,object,What is the dominant color in this image?,orange,purple,arbitration_dataset/images/mmstar_finegrained/mmstar_finegrained_0011_cf.png,arbitration_dataset/images/mmstar_finegrained/mmstar_finegrained_0011_std.png,mmstar_mmstar_finegrained
mmstar_finegrained_0012,mmstar_finegrained,object,What is the dominant color in this image?,green,yellow,arbitration_dataset/images/mmstar_finegrained/mmstar_finegrained_0012_cf.png,arbitration_dataset/images/mmstar_finegrained/mmstar_finegrained_0012_std.png,mmstar_mmstar_finegrained
mmstar_finegrained_0013,mmstar_finegrained,object,What is the dominant color in this image?,orange,blue,arbitration_dataset/images/mmstar_finegrained/mmstar_finegrained_0013_cf.png,arbitration_dataset/images/mmstar_finegrained/mmstar_finegrained_0013_std.png,mmstar_mmstar_finegrained
mmstar_finegrained_0014,mmstar_finegrained,object,What is the dominant color in this image?,yellow,orange,arbitration_dataset/images/mmstar_finegrained/mmstar_finegrained_0014_cf.png,arbitration_dataset/images/mmstar_finegrained/mmstar_finegrained_0014_std.png,mmstar_mmstar_finegrained
mmstar_finegrained_0015,mmstar_finegrained,object,What is the dominant color in this image?,yellow,orange,arbitration_dataset/images/mmstar_finegrained/mmstar_finegrained_0015_cf.png,arbitration_dataset/images/mmstar_finegrained/mmstar_finegrained_0015_std.png,mmstar_mmstar_finegrained
mmstar_finegrained_0016,mmstar_finegrained,object,What is the dominant color in this image?,red,brown,arbitration_dataset/images/mmstar_finegrained/mmstar_finegrained_0016_cf.png,arbitration_dataset/images/mmstar_finegrained/mmstar_finegrained_0016_std.png,mmstar_mmstar_finegrained
mmstar_finegrained_0017,mmstar_finegrained,object,What is the dominant color in this image?,green,blue,arbitration_dataset/images/mmstar_finegrained/mmstar_finegrained_0017_cf.png,arbitration_dataset/images/mmstar_finegrained/mmstar_finegrained_0017_std.png,mmstar_mmstar_finegrained
mmstar_finegrained_0018,mmstar_finegrained,object,What is the dominant color in this image?,pink,blue,arbitration_dataset/images/mmstar_finegrained/mmstar_finegrained_0018_cf.png,arbitration_dataset/images/mmstar_finegrained/mmstar_finegrained_0018_std.png,mmstar_mmstar_finegrained
mmstar_finegrained_0019,mmstar_finegrained,object,What is the dominant color in this image?,brown,blue,arbitration_dataset/images/mmstar_finegrained/mmstar_finegrained_0019_cf.png,arbitration_dataset/images/mmstar_finegrained/mmstar_finegrained_0019_std.png,mmstar_mmstar_finegrained
mmstar_finegrained_0020,mmstar_finegrained,object,What is the dominant color in this image?,brown,green,arbitration_dataset/images/mmstar_finegrained/mmstar_finegrained_0020_cf.png,arbitration_dataset/images/mmstar_finegrained/mmstar_finegrained_0020_std.png,mmstar_mmstar_finegrained
mmstar_finegrained_0021,mmstar_finegrained,object,What is the dominant color in this image?,red,orange,arbitration_dataset/images/mmstar_finegrained/mmstar_finegrained_0021_cf.png,arbitration_dataset/images/mmstar_finegrained/mmstar_finegrained_0021_std.png,mmstar_mmstar_finegrained
mmstar_finegrained_0022,mmstar_finegrained,object,What is the dominant color in this image?,red,green,arbitration_dataset/images/mmstar_finegrained/mmstar_finegrained_0022_cf.png,arbitration_dataset/images/mmstar_finegrained/mmstar_finegrained_0022_std.png,mmstar_mmstar_finegrained
mmstar_finegrained_0023,mmstar_finegrained,object,What is the dominant color in this image?,red,orange,arbitration_dataset/images/mmstar_finegrained/mmstar_finegrained_0023_cf.png,arbitration_dataset/images/mmstar_finegrained/mmstar_finegrained_0023_std.png,mmstar_mmstar_finegrained
mmstar_finegrained_0024,mmstar_finegrained,object,What is the dominant color in this image?,pink,brown,arbitration_dataset/images/mmstar_finegrained/mmstar_finegrained_0024_cf.png,arbitration_dataset/images/mmstar_finegrained/mmstar_finegrained_0024_std.png,mmstar_mmstar_finegrained
mmstar_finegrained_0025,mmstar_finegrained,object,What is the dominant color in this image?,blue,orange,arbitration_dataset/images/mmstar_finegrained/mmstar_finegrained_0025_cf.png,arbitration_dataset/images/mmstar_finegrained/mmstar_finegrained_0025_std.png,mmstar_mmstar_finegrained
mmstar_finegrained_0026,mmstar_finegrained,object,What is the dominant color in this image?,brown,blue,arbitration_dataset/images/mmstar_finegrained/mmstar_finegrained_0026_cf.png,arbitration_dataset/images/mmstar_finegrained/mmstar_finegrained_0026_std.png,mmstar_mmstar_finegrained
mmstar_finegrained_0027,mmstar_finegrained,object,What is the dominant color in this image?,green,blue,arbitration_dataset/images/mmstar_finegrained/mmstar_finegrained_0027_cf.png,arbitration_dataset/images/mmstar_finegrained/mmstar_finegrained_0027_std.png,mmstar_mmstar_finegrained
mmstar_finegrained_0028,mmstar_finegrained,object,What is the dominant color in this image?,red,orange,arbitration_dataset/images/mmstar_finegrained/mmstar_finegrained_0028_cf.png,arbitration_dataset/images/mmstar_finegrained/mmstar_finegrained_0028_std.png,mmstar_mmstar_finegrained
mmstar_finegrained_0029,mmstar_finegrained,object,What is the dominant color in this image?,orange,yellow,arbitration_dataset/images/mmstar_finegrained/mmstar_finegrained_0029_cf.png,arbitration_dataset/images/mmstar_finegrained/mmstar_finegrained_0029_std.png,mmstar_mmstar_finegrained
mmstar_finegrained_0030,mmstar_finegrained,object,What is the dominant color in this image?,red,orange,arbitration_dataset/images/mmstar_finegrained/mmstar_finegrained_0030_cf.png,arbitration_dataset/images/mmstar_finegrained/mmstar_finegrained_0030_std.png,mmstar_mmstar_finegrained
mmstar_finegrained_0031,mmstar_finegrained,object,What is the dominant color in this image?,red,green,arbitration_dataset/images/mmstar_finegrained/mmstar_finegrained_0031_cf.png,arbitration_dataset/images/mmstar_finegrained/mmstar_finegrained_0031_std.png,mmstar_mmstar_finegrained
mmstar_finegrained_0032,mmstar_finegrained,object,What is the dominant color in this image?,pink,brown,arbitration_dataset/images/mmstar_finegrained/mmstar_finegrained_0032_cf.png,arbitration_dataset/images/mmstar_finegrained/mmstar_finegrained_0032_std.png,mmstar_mmstar_finegrained
mmstar_finegrained_0033,mmstar_finegrained,object,What is the dominant color in this image?,purple,brown,arbitration_dataset/images/mmstar_finegrained/mmstar_finegrained_0033_cf.png,arbitration_dataset/images/mmstar_finegrained/mmstar_finegrained_0033_std.png,mmstar_mmstar_finegrained
mmstar_finegrained_0034,mmstar_finegrained,object,What is the dominant color in this image?,blue,brown,arbitration_dataset/images/mmstar_finegrained/mmstar_finegrained_0034_cf.png,arbitration_dataset/images/mmstar_finegrained/mmstar_finegrained_0034_std.png,mmstar_mmstar_finegrained
mmstar_finegrained_0035,mmstar_finegrained,object,What is the dominant color in this image?,purple,red,arbitration_dataset/images/mmstar_finegrained/mmstar_finegrained_0035_cf.png,arbitration_dataset/images/mmstar_finegrained/mmstar_finegrained_0035_std.png,mmstar_mmstar_finegrained
mmstar_finegrained_0036,mmstar_finegrained,object,What is the dominant color in this image?,red,orange,arbitration_dataset/images/mmstar_finegrained/mmstar_finegrained_0036_cf.png,arbitration_dataset/images/mmstar_finegrained/mmstar_finegrained_0036_std.png,mmstar_mmstar_finegrained
mmstar_finegrained_0037,mmstar_finegrained,object,What is the dominant color in this image?,green,blue,arbitration_dataset/images/mmstar_finegrained/mmstar_finegrained_0037_cf.png,arbitration_dataset/images/mmstar_finegrained/mmstar_finegrained_0037_std.png,mmstar_mmstar_finegrained
mmstar_finegrained_0038,mmstar_finegrained,object,What is the dominant color in this image?,red,orange,arbitration_dataset/images/mmstar_finegrained/mmstar_finegrained_0038_cf.png,arbitration_dataset/images/mmstar_finegrained/mmstar_finegrained_0038_std.png,mmstar_mmstar_finegrained
mmstar_finegrained_0039,mmstar_finegrained,object,What is the dominant color in this image?,green,orange,arbitration_dataset/images/mmstar_finegrained/mmstar_finegrained_0039_cf.png,arbitration_dataset/images/mmstar_finegrained/mmstar_finegrained_0039_std.png,mmstar_mmstar_finegrained
mmstar_finegrained_0040,mmstar_finegrained,object,What is the dominant color in this image?,red,brown,arbitration_dataset/images/mmstar_finegrained/mmstar_finegrained_0040_cf.png,arbitration_dataset/images/mmstar_finegrained/mmstar_finegrained_0040_std.png,mmstar_mmstar_finegrained
mmstar_finegrained_0041,mmstar_finegrained,object,What is the dominant color in this image?,red,brown,arbitration_dataset/images/mmstar_finegrained/mmstar_finegrained_0041_cf.png,arbitration_dataset/images/mmstar_finegrained/mmstar_finegrained_0041_std.png,mmstar_mmstar_finegrained
mmstar_finegrained_0042,mmstar_finegrained,object,What is the dominant color in this image?,yellow,purple,arbitration_dataset/images/mmstar_finegrained/mmstar_finegrained_0042_cf.png,arbitration_dataset/images/mmstar_finegrained/mmstar_finegrained_0042_std.png,mmstar_mmstar_finegrained
mmstar_finegrained_0043,mmstar_finegrained,object,What is the dominant color in this image?,pink,blue,arbitration_dataset/images/mmstar_finegrained/mmstar_finegrained_0043_cf.png,arbitration_dataset/images/mmstar_finegrained/mmstar_finegrained_0043_std.png,mmstar_mmstar_finegrained
mmstar_finegrained_0044,mmstar_finegrained,object,What is the dominant color in this image?,red,blue,arbitration_dataset/images/mmstar_finegrained/mmstar_finegrained_0044_cf.png,arbitration_dataset/images/mmstar_finegrained/mmstar_finegrained_0044_std.png,mmstar_mmstar_finegrained
mmstar_finegrained_0045,mmstar_finegrained,object,What is the dominant color in this image?,pink,brown,arbitration_dataset/images/mmstar_finegrained/mmstar_finegrained_0045_cf.png,arbitration_dataset/images/mmstar_finegrained/mmstar_finegrained_0045_std.png,mmstar_mmstar_finegrained
mmstar_finegrained_0046,mmstar_finegrained,object,What is the dominant color in this image?,red,brown,arbitration_dataset/images/mmstar_finegrained/mmstar_finegrained_0046_cf.png,arbitration_dataset/images/mmstar_finegrained/mmstar_finegrained_0046_std.png,mmstar_mmstar_finegrained
mmstar_finegrained_0047,mmstar_finegrained,object,What is the dominant color in this image?,brown,orange,arbitration_dataset/images/mmstar_finegrained/mmstar_finegrained_0047_cf.png,arbitration_dataset/images/mmstar_finegrained/mmstar_finegrained_0047_std.png,mmstar_mmstar_finegrained
mmstar_finegrained_0048,mmstar_finegrained,object,What is the dominant color in this image?,red,green,arbitration_dataset/images/mmstar_finegrained/mmstar_finegrained_0048_cf.png,arbitration_dataset/images/mmstar_finegrained/mmstar_finegrained_0048_std.png,mmstar_mmstar_finegrained
mmstar_finegrained_0049,mmstar_finegrained,object,What is the dominant color in this image?,purple,yellow,arbitration_dataset/images/mmstar_finegrained/mmstar_finegrained_0049_cf.png,arbitration_dataset/images/mmstar_finegrained/mmstar_finegrained_0049_std.png,mmstar_mmstar_finegrained
mmstar_finegrained_0050,mmstar_finegrained,object,What is the dominant color in this image?,orange,blue,arbitration_dataset/images/mmstar_finegrained/mmstar_finegrained_0050_cf.png,arbitration_dataset/images/mmstar_finegrained/mmstar_finegrained_0050_std.png,mmstar_mmstar_finegrained
mmstar_finegrained_0051,mmstar_finegrained,object,What is the dominant color in this image?,purple,blue,arbitration_dataset/images/mmstar_finegrained/mmstar_finegrained_0051_cf.png,arbitration_dataset/images/mmstar_finegrained/mmstar_finegrained_0051_std.png,mmstar_mmstar_finegrained
mmstar_finegrained_0052,mmstar_finegrained,object,What is the dominant color in this image?,orange,yellow,arbitration_dataset/images/mmstar_finegrained/mmstar_finegrained_0052_cf.png,arbitration_dataset/images/mmstar_finegrained/mmstar_finegrained_0052_std.png,mmstar_mmstar_finegrained
mmstar_finegrained_0053,mmstar_finegrained,object,What is the dominant color in this image?,orange,green,arbitration_dataset/images/mmstar_finegrained/mmstar_finegrained_0053_cf.png,arbitration_dataset/images/mmstar_finegrained/mmstar_finegrained_0053_std.png,mmstar_mmstar_finegrained
mmstar_finegrained_0054,mmstar_finegrained,object,What is the dominant color in this image?,pink,yellow,arbitration_dataset/images/mmstar_finegrained/mmstar_finegrained_0054_cf.png,arbitration_dataset/images/mmstar_finegrained/mmstar_finegrained_0054_std.png,mmstar_mmstar_finegrained
mmstar_finegrained_0055,mmstar_finegrained,object,What is the dominant color in this image?,green,yellow,arbitration_dataset/images/mmstar_finegrained/mmstar_finegrained_0055_cf.png,arbitration_dataset/images/mmstar_finegrained/mmstar_finegrained_0055_std.png,mmstar_mmstar_finegrained
mmstar_finegrained_0056,mmstar_finegrained,object,What is the dominant color in this image?,red,green,arbitration_dataset/images/mmstar_finegrained/mmstar_finegrained_0056_cf.png,arbitration_dataset/images/mmstar_finegrained/mmstar_finegrained_0056_std.png,mmstar_mmstar_finegrained
mmstar_finegrained_0057,mmstar_finegrained,object,What is the dominant color in this image?,red,orange,arbitration_dataset/images/mmstar_finegrained/mmstar_finegrained_0057_cf.png,arbitration_dataset/images/mmstar_finegrained/mmstar_finegrained_0057_std.png,mmstar_mmstar_finegrained
mmstar_finegrained_0058,mmstar_finegrained,object,What is the dominant color in this image?,yellow,red,arbitration_dataset/images/mmstar_finegrained/mmstar_finegrained_0058_cf.png,arbitration_dataset/images/mmstar_finegrained/mmstar_finegrained_0058_std.png,mmstar_mmstar_finegrained
mmstar_finegrained_0059,mmstar_finegrained,object,What is the dominant color in this image?,brown,orange,arbitration_dataset/images/mmstar_finegrained/mmstar_finegrained_0059_cf.png,arbitration_dataset/images/mmstar_finegrained/mmstar_finegrained_0059_std.png,mmstar_mmstar_finegrained
mmstar_finegrained_0060,mmstar_finegrained,object,What is the dominant color in this image?,pink,orange,arbitration_dataset/images/mmstar_finegrained/mmstar_finegrained_0060_cf.png,arbitration_dataset/images/mmstar_finegrained/mmstar_finegrained_0060_std.png,mmstar_mmstar_finegrained
mmstar_finegrained_0061,mmstar_finegrained,object,What is the dominant color in this image?,yellow,purple,arbitration_dataset/images/mmstar_finegrained/mmstar_finegrained_0061_cf.png,arbitration_dataset/images/mmstar_finegrained/mmstar_finegrained_0061_std.png,mmstar_mmstar_finegrained
mmstar_finegrained_0062,mmstar_finegrained,object,What is the dominant color in this image?,blue,brown,arbitration_dataset/images/mmstar_finegrained/mmstar_finegrained_0062_cf.png,arbitration_dataset/images/mmstar_finegrained/mmstar_finegrained_0062_std.png,mmstar_mmstar_finegrained
mmstar_finegrained_0063,mmstar_finegrained,object,What is the dominant color in this image?,yellow,blue,arbitration_dataset/images/mmstar_finegrained/mmstar_finegrained_0063_cf.png,arbitration_dataset/images/mmstar_finegrained/mmstar_finegrained_0063_std.png,mmstar_mmstar_finegrained
mmstar_finegrained_0064,mmstar_finegrained,object,What is the dominant color in this image?,green,orange,arbitration_dataset/images/mmstar_finegrained/mmstar_finegrained_0064_cf.png,arbitration_dataset/images/mmstar_finegrained/mmstar_finegrained_0064_std.png,mmstar_mmstar_finegrained
mmstar_finegrained_0065,mmstar_finegrained,object,What is the dominant color in this image?,yellow,orange,arbitration_dataset/images/mmstar_finegrained/mmstar_finegrained_0065_cf.png,arbitration_dataset/images/mmstar_finegrained/mmstar_finegrained_0065_std.png,mmstar_mmstar_finegrained
mmstar_finegrained_0066,mmstar_finegrained,object,What is the dominant color in this image?,brown,orange,arbitration_dataset/images/mmstar_finegrained/mmstar_finegrained_0066_cf.png,arbitration_dataset/images/mmstar_finegrained/mmstar_finegrained_0066_std.png,mmstar_mmstar_finegrained
mmstar_finegrained_0067,mmstar_finegrained,object,What is the dominant color in this image?,purple,orange,arbitration_dataset/images/mmstar_finegrained/mmstar_finegrained_0067_cf.png,arbitration_dataset/images/mmstar_finegrained/mmstar_finegrained_0067_std.png,mmstar_mmstar_finegrained
mmstar_finegrained_0068,mmstar_finegrained,object,What is the dominant color in this image?,brown,orange,arbitration_dataset/images/mmstar_finegrained/mmstar_finegrained_0068_cf.png,arbitration_dataset/images/mmstar_finegrained/mmstar_finegrained_0068_std.png,mmstar_mmstar_finegrained
mmstar_finegrained_0069,mmstar_finegrained,object,What is the dominant color in this image?,purple,brown,arbitration_dataset/images/mmstar_finegrained/mmstar_finegrained_0069_cf.png,arbitration_dataset/images/mmstar_finegrained/mmstar_finegrained_0069_std.png,mmstar_mmstar_finegrained
mmstar_finegrained_0070,mmstar_finegrained,object,What is the dominant color in this image?,purple,orange,arbitration_dataset/images/mmstar_finegrained/mmstar_finegrained_0070_cf.png,arbitration_dataset/images/mmstar_finegrained/mmstar_finegrained_0070_std.png,mmstar_mmstar_finegrained
mmstar_finegrained_0071,mmstar_finegrained,object,What is the dominant color in this image?,orange,yellow,arbitration_dataset/images/mmstar_finegrained/mmstar_finegrained_0071_cf.png,arbitration_dataset/images/mmstar_finegrained/mmstar_finegrained_0071_std.png,mmstar_mmstar_finegrained
mmstar_finegrained_0072,mmstar_finegrained,object,What is the dominant color in this image?,purple,green,arbitration_dataset/images/mmstar_finegrained/mmstar_finegrained_0072_cf.png,arbitration_dataset/images/mmstar_finegrained/mmstar_finegrained_0072_std.png,mmstar_mmstar_finegrained
mmstar_finegrained_0073,mmstar_finegrained,object,What is the dominant color in this image?,purple,blue,arbitration_dataset/images/mmstar_finegrained/mmstar_finegrained_0073_cf.png,arbitration_dataset/images/mmstar_finegrained/mmstar_finegrained_0073_std.png,mmstar_mmstar_finegrained
mmstar_finegrained_0074,mmstar_finegrained,object,What is the dominant color in this image?,red,yellow,arbitration_dataset/images/mmstar_finegrained/mmstar_finegrained_0074_cf.png,arbitration_dataset/images/mmstar_finegrained/mmstar_finegrained_0074_std.png,mmstar_mmstar_finegrained
mmstar_finegrained_0075,mmstar_finegrained,object,What is the dominant color in this image?,red,pink,arbitration_dataset/images/mmstar_finegrained/mmstar_finegrained_0075_cf.png,arbitration_dataset/images/mmstar_finegrained/mmstar_finegrained_0075_std.png,mmstar_mmstar_finegrained
mmstar_finegrained_0076,mmstar_finegrained,object,What is the dominant color in this image?,brown,orange,arbitration_dataset/images/mmstar_finegrained/mmstar_finegrained_0076_cf.png,arbitration_dataset/images/mmstar_finegrained/mmstar_finegrained_0076_std.png,mmstar_mmstar_finegrained
mmstar_finegrained_0077,mmstar_finegrained,object,What is the dominant color in this image?,purple,orange,arbitration_dataset/images/mmstar_finegrained/mmstar_finegrained_0077_cf.png,arbitration_dataset/images/mmstar_finegrained/mmstar_finegrained_0077_std.png,mmstar_mmstar_finegrained
mmstar_finegrained_0078,mmstar_finegrained,object,What is the dominant color in this image?,brown,orange,arbitration_dataset/images/mmstar_finegrained/mmstar_finegrained_0078_cf.png,arbitration_dataset/images/mmstar_finegrained/mmstar_finegrained_0078_std.png,mmstar_mmstar_finegrained
mmstar_finegrained_0079,mmstar_finegrained,object,What is the dominant color in this image?,red,purple,arbitration_dataset/images/mmstar_finegrained/mmstar_finegrained_0079_cf.png,arbitration_dataset/images/mmstar_finegrained/mmstar_finegrained_0079_std.png,mmstar_mmstar_finegrained
mmstar_finegrained_0080,mmstar_finegrained,object,What is the dominant color in this image?,purple,orange,arbitration_dataset/images/mmstar_finegrained/mmstar_finegrained_0080_cf.png,arbitration_dataset/images/mmstar_finegrained/mmstar_finegrained_0080_std.png,mmstar_mmstar_finegrained
mmstar_finegrained_0081,mmstar_finegrained,object,What is the dominant color in this image?,orange,yellow,arbitration_dataset/images/mmstar_finegrained/mmstar_finegrained_0081_cf.png,arbitration_dataset/images/mmstar_finegrained/mmstar_finegrained_0081_std.png,mmstar_mmstar_finegrained
mmstar_finegrained_0082,mmstar_finegrained,object,What is the dominant color in this image?,pink,yellow,arbitration_dataset/images/mmstar_finegrained/mmstar_finegrained_0082_cf.png,arbitration_dataset/images/mmstar_finegrained/mmstar_finegrained_0082_std.png,mmstar_mmstar_finegrained
mmstar_finegrained_0083,mmstar_finegrained,object,What is the dominant color in this image?,orange,brown,arbitration_dataset/images/mmstar_finegrained/mmstar_finegrained_0083_cf.png,arbitration_dataset/images/mmstar_finegrained/mmstar_finegrained_0083_std.png,mmstar_mmstar_finegrained
mmstar_finegrained_0084,mmstar_finegrained,object,What is the dominant color in this image?,yellow,purple,arbitration_dataset/images/mmstar_finegrained/mmstar_finegrained_0084_cf.png,arbitration_dataset/images/mmstar_finegrained/mmstar_finegrained_0084_std.png,mmstar_mmstar_finegrained
mmstar_finegrained_0085,mmstar_finegrained,object,What is the dominant color in this image?,orange,pink,arbitration_dataset/images/mmstar_finegrained/mmstar_finegrained_0085_cf.png,arbitration_dataset/images/mmstar_finegrained/mmstar_finegrained_0085_std.png,mmstar_mmstar_finegrained
mmstar_finegrained_0086,mmstar_finegrained,object,What is the dominant color in this image?,brown,blue,arbitration_dataset/images/mmstar_finegrained/mmstar_finegrained_0086_cf.png,arbitration_dataset/images/mmstar_finegrained/mmstar_finegrained_0086_std.png,mmstar_mmstar_finegrained
mmstar_finegrained_0087,mmstar_finegrained,object,What is the dominant color in this image?,purple,orange,arbitration_dataset/images/mmstar_finegrained/mmstar_finegrained_0087_cf.png,arbitration_dataset/images/mmstar_finegrained/mmstar_finegrained_0087_std.png,mmstar_mmstar_finegrained
mmstar_finegrained_0088,mmstar_finegrained,object,What is the dominant color in this image?,red,blue,arbitration_dataset/images/mmstar_finegrained/mmstar_finegrained_0088_cf.png,arbitration_dataset/images/mmstar_finegrained/mmstar_finegrained_0088_std.png,mmstar_mmstar_finegrained
mmstar_finegrained_0089,mmstar_finegrained,object,What is the dominant color in this image?,pink,purple,arbitration_dataset/images/mmstar_finegrained/mmstar_finegrained_0089_cf.png,arbitration_dataset/images/mmstar_finegrained/mmstar_finegrained_0089_std.png,mmstar_mmstar_finegrained
mmstar_finegrained_0090,mmstar_finegrained,object,What is the dominant color in this image?,red,yellow,arbitration_dataset/images/mmstar_finegrained/mmstar_finegrained_0090_cf.png,arbitration_dataset/images/mmstar_finegrained/mmstar_finegrained_0090_std.png,mmstar_mmstar_finegrained
mmstar_finegrained_0091,mmstar_finegrained,object,What is the dominant color in this image?,orange,brown,arbitration_dataset/images/mmstar_finegrained/mmstar_finegrained_0091_cf.png,arbitration_dataset/images/mmstar_finegrained/mmstar_finegrained_0091_std.png,mmstar_mmstar_finegrained
mmstar_finegrained_0092,mmstar_finegrained,object,What is the dominant color in this image?,purple,orange,arbitration_dataset/images/mmstar_finegrained/mmstar_finegrained_0092_cf.png,arbitration_dataset/images/mmstar_finegrained/mmstar_finegrained_0092_std.png,mmstar_mmstar_finegrained
mmstar_finegrained_0093,mmstar_finegrained,object,What is the dominant color in this image?,pink,brown,arbitration_dataset/images/mmstar_finegrained/mmstar_finegrained_0093_cf.png,arbitration_dataset/images/mmstar_finegrained/mmstar_finegrained_0093_std.png,mmstar_mmstar_finegrained
mmstar_finegrained_0094,mmstar_finegrained,object,What is the dominant color in this image?,pink,blue,arbitration_dataset/images/mmstar_finegrained/mmstar_finegrained_0094_cf.png,arbitration_dataset/images/mmstar_finegrained/mmstar_finegrained_0094_std.png,mmstar_mmstar_finegrained
mmstar_finegrained_0095,mmstar_finegrained,object,What is the dominant color in this image?,blue,orange,arbitration_dataset/images/mmstar_finegrained/mmstar_finegrained_0095_cf.png,arbitration_dataset/images/mmstar_finegrained/mmstar_finegrained_0095_std.png,mmstar_mmstar_finegrained
mmstar_finegrained_0096,mmstar_finegrained,object,What is the dominant color in this image?,green,orange,arbitration_dataset/images/mmstar_finegrained/mmstar_finegrained_0096_cf.png,arbitration_dataset/images/mmstar_finegrained/mmstar_finegrained_0096_std.png,mmstar_mmstar_finegrained
mmstar_finegrained_0097,mmstar_finegrained,object,What is the dominant color in this image?,pink,green,arbitration_dataset/images/mmstar_finegrained/mmstar_finegrained_0097_cf.png,arbitration_dataset/images/mmstar_finegrained/mmstar_finegrained_0097_std.png,mmstar_mmstar_finegrained
mmstar_finegrained_0098,mmstar_finegrained,object,What is the dominant color in this image?,purple,orange,arbitration_dataset/images/mmstar_finegrained/mmstar_finegrained_0098_cf.png,arbitration_dataset/images/mmstar_finegrained/mmstar_finegrained_0098_std.png,mmstar_mmstar_finegrained
mmstar_finegrained_0099,mmstar_finegrained,object,What is the dominant color in this image?,orange,pink,arbitration_dataset/images/mmstar_finegrained/mmstar_finegrained_0099_cf.png,arbitration_dataset/images/mmstar_finegrained/mmstar_finegrained_0099_std.png,mmstar_mmstar_finegrained
mmstar_finegrained_0100,mmstar_finegrained,object,What is the dominant color in this image?,green,blue,arbitration_dataset/images/mmstar_finegrained/mmstar_finegrained_0100_cf.png,arbitration_dataset/images/mmstar_finegrained/mmstar_finegrained_0100_std.png,mmstar_mmstar_finegrained
mmstar_finegrained_0101,mmstar_finegrained,object,What is the dominant color in this image?,pink,orange,arbitration_dataset/images/mmstar_finegrained/mmstar_finegrained_0101_cf.png,arbitration_dataset/images/mmstar_finegrained/mmstar_finegrained_0101_std.png,mmstar_mmstar_finegrained
mmstar_finegrained_0102,mmstar_finegrained,object,What is the dominant color in this image?,red,brown,arbitration_dataset/images/mmstar_finegrained/mmstar_finegrained_0102_cf.png,arbitration_dataset/images/mmstar_finegrained/mmstar_finegrained_0102_std.png,mmstar_mmstar_finegrained
mmstar_finegrained_0103,mmstar_finegrained,object,What is the dominant color in this image?,yellow,red,arbitration_dataset/images/mmstar_finegrained/mmstar_finegrained_0103_cf.png,arbitration_dataset/images/mmstar_finegrained/mmstar_finegrained_0103_std.png,mmstar_mmstar_finegrained
mmstar_finegrained_0104,mmstar_finegrained,object,What is the dominant color in this image?,brown,orange,arbitration_dataset/images/mmstar_finegrained/mmstar_finegrained_0104_cf.png,arbitration_dataset/images/mmstar_finegrained/mmstar_finegrained_0104_std.png,mmstar_mmstar_finegrained
mmstar_finegrained_0105,mmstar_finegrained,object,What is the dominant color in this image?,yellow,blue,arbitration_dataset/images/mmstar_finegrained/mmstar_finegrained_0105_cf.png,arbitration_dataset/images/mmstar_finegrained/mmstar_finegrained_0105_std.png,mmstar_mmstar_finegrained
mmstar_finegrained_0106,mmstar_finegrained,object,What is the dominant color in this image?,blue,green,arbitration_dataset/images/mmstar_finegrained/mmstar_finegrained_0106_cf.png,arbitration_dataset/images/mmstar_finegrained/mmstar_finegrained_0106_std.png,mmstar_mmstar_finegrained
mmstar_finegrained_0107,mmstar_finegrained,object,What is the dominant color in this image?,green,brown,arbitration_dataset/images/mmstar_finegrained/mmstar_finegrained_0107_cf.png,arbitration_dataset/images/mmstar_finegrained/mmstar_finegrained_0107_std.png,mmstar_mmstar_finegrained
mmstar_finegrained_0108,mmstar_finegrained,object,What is the dominant color in this image?,orange,yellow,arbitration_dataset/images/mmstar_finegrained/mmstar_finegrained_0108_cf.png,arbitration_dataset/images/mmstar_finegrained/mmstar_finegrained_0108_std.png,mmstar_mmstar_finegrained
mmstar_finegrained_0109,mmstar_finegrained,object,What is the dominant color in this image?,purple,green,arbitration_dataset/images/mmstar_finegrained/mmstar_finegrained_0109_cf.png,arbitration_dataset/images/mmstar_finegrained/mmstar_finegrained_0109_std.png,mmstar_mmstar_finegrained
mmstar_finegrained_0110,mmstar_finegrained,object,What is the dominant color in this image?,orange,green,arbitration_dataset/images/mmstar_finegrained/mmstar_finegrained_0110_cf.png,arbitration_dataset/images/mmstar_finegrained/mmstar_finegrained_0110_std.png,mmstar_mmstar_finegrained
mmstar_finegrained_0111,mmstar_finegrained,object,What is the dominant color in this image?,green,brown,arbitration_dataset/images/mmstar_finegrained/mmstar_finegrained_0111_cf.png,arbitration_dataset/images/mmstar_finegrained/mmstar_finegrained_0111_std.png,mmstar_mmstar_finegrained
mmstar_finegrained_0112,mmstar_finegrained,object,What is the dominant color in this image?,red,orange,arbitration_dataset/images/mmstar_finegrained/mmstar_finegrained_0112_cf.png,arbitration_dataset/images/mmstar_finegrained/mmstar_finegrained_0112_std.png,mmstar_mmstar_finegrained
mmstar_finegrained_0113,mmstar_finegrained,object,What is the dominant color in this image?,brown,blue,arbitration_dataset/images/mmstar_finegrained/mmstar_finegrained_0113_cf.png,arbitration_dataset/images/mmstar_finegrained/mmstar_finegrained_0113_std.png,mmstar_mmstar_finegrained
mmstar_finegrained_0114,mmstar_finegrained,object,What is the dominant color in this image?,yellow,blue,arbitration_dataset/images/mmstar_finegrained/mmstar_finegrained_0114_cf.png,arbitration_dataset/images/mmstar_finegrained/mmstar_finegrained_0114_std.png,mmstar_mmstar_finegrained
mmstar_finegrained_0115,mmstar_finegrained,object,What is the dominant color in this image?,orange,red,arbitration_dataset/images/mmstar_finegrained/mmstar_finegrained_0115_cf.png,arbitration_dataset/images/mmstar_finegrained/mmstar_finegrained_0115_std.png,mmstar_mmstar_finegrained
mmstar_finegrained_0116,mmstar_finegrained,object,What is the dominant color in this image?,blue,orange,arbitration_dataset/images/mmstar_finegrained/mmstar_finegrained_0116_cf.png,arbitration_dataset/images/mmstar_finegrained/mmstar_finegrained_0116_std.png,mmstar_mmstar_finegrained
mmstar_finegrained_0117,mmstar_finegrained,object,What is the dominant color in this image?,red,purple,arbitration_dataset/images/mmstar_finegrained/mmstar_finegrained_0117_cf.png,arbitration_dataset/images/mmstar_finegrained/mmstar_finegrained_0117_std.png,mmstar_mmstar_finegrained
mmstar_finegrained_0118,mmstar_finegrained,object,What is the dominant color in this image?,blue,brown,arbitration_dataset/images/mmstar_finegrained/mmstar_finegrained_0118_cf.png,arbitration_dataset/images/mmstar_finegrained/mmstar_finegrained_0118_std.png,mmstar_mmstar_finegrained
mmstar_finegrained_0119,mmstar_finegrained,object,What is the dominant color in this image?,orange,yellow,arbitration_dataset/images/mmstar_finegrained/mmstar_finegrained_0119_cf.png,arbitration_dataset/images/mmstar_finegrained/mmstar_finegrained_0119_std.png,mmstar_mmstar_finegrained
mmstar_finegrained_0120,mmstar_finegrained,object,What is the dominant color in this image?,green,blue,arbitration_dataset/images/mmstar_finegrained/mmstar_finegrained_0120_cf.png,arbitration_dataset/images/mmstar_finegrained/mmstar_finegrained_0120_std.png,mmstar_mmstar_finegrained
mmstar_finegrained_0121,mmstar_finegrained,object,What is the dominant color in this image?,brown,blue,arbitration_dataset/images/mmstar_finegrained/mmstar_finegrained_0121_cf.png,arbitration_dataset/images/mmstar_finegrained/mmstar_finegrained_0121_std.png,mmstar_mmstar_finegrained
mmstar_finegrained_0122,mmstar_finegrained,object,What is the dominant color in this image?,yellow,blue,arbitration_dataset/images/mmstar_finegrained/mmstar_finegrained_0122_cf.png,arbitration_dataset/images/mmstar_finegrained/mmstar_finegrained_0122_std.png,mmstar_mmstar_finegrained
mmstar_finegrained_0123,mmstar_finegrained,object,What is the dominant color in this image?,pink,blue,arbitration_dataset/images/mmstar_finegrained/mmstar_finegrained_0123_cf.png,arbitration_dataset/images/mmstar_finegrained/mmstar_finegrained_0123_std.png,mmstar_mmstar_finegrained
mmstar_finegrained_0124,mmstar_finegrained,object,What is the dominant color in this image?,green,red,arbitration_dataset/images/mmstar_finegrained/mmstar_finegrained_0124_cf.png,arbitration_dataset/images/mmstar_finegrained/mmstar_finegrained_0124_std.png,mmstar_mmstar_finegrained
mmstar_finegrained_0125,mmstar_finegrained,object,What is the dominant color in this image?,purple,green,arbitration_dataset/images/mmstar_finegrained/mmstar_finegrained_0125_cf.png,arbitration_dataset/images/mmstar_finegrained/mmstar_finegrained_0125_std.png,mmstar_mmstar_finegrained
mmstar_finegrained_0126,mmstar_finegrained,object,What is the dominant color in this image?,pink,orange,arbitration_dataset/images/mmstar_finegrained/mmstar_finegrained_0126_cf.png,arbitration_dataset/images/mmstar_finegrained/mmstar_finegrained_0126_std.png,mmstar_mmstar_finegrained
mmstar_finegrained_0127,mmstar_finegrained,object,What is the dominant color in this image?,orange,red,arbitration_dataset/images/mmstar_finegrained/mmstar_finegrained_0127_cf.png,arbitration_dataset/images/mmstar_finegrained/mmstar_finegrained_0127_std.png,mmstar_mmstar_finegrained
mmstar_finegrained_0128,mmstar_finegrained,object,What is the dominant color in this image?,red,brown,arbitration_dataset/images/mmstar_finegrained/mmstar_finegrained_0128_cf.png,arbitration_dataset/images/mmstar_finegrained/mmstar_finegrained_0128_std.png,mmstar_mmstar_finegrained
mmstar_finegrained_0129,mmstar_finegrained,object,What is the dominant color in this image?,green,red,arbitration_dataset/images/mmstar_finegrained/mmstar_finegrained_0129_cf.png,arbitration_dataset/images/mmstar_finegrained/mmstar_finegrained_0129_std.png,mmstar_mmstar_finegrained
mmstar_finegrained_0130,mmstar_finegrained,object,What is the dominant color in this image?,green,brown,arbitration_dataset/images/mmstar_finegrained/mmstar_finegrained_0130_cf.png,arbitration_dataset/images/mmstar_finegrained/mmstar_finegrained_0130_std.png,mmstar_mmstar_finegrained
mmstar_finegrained_0131,mmstar_finegrained,object,What is the dominant color in this image?,red,orange,arbitration_dataset/images/mmstar_finegrained/mmstar_finegrained_0131_cf.png,arbitration_dataset/images/mmstar_finegrained/mmstar_finegrained_0131_std.png,mmstar_mmstar_finegrained
mmstar_finegrained_0132,mmstar_finegrained,object,What is the dominant color in this image?,blue,yellow,arbitration_dataset/images/mmstar_finegrained/mmstar_finegrained_0132_cf.png,arbitration_dataset/images/mmstar_finegrained/mmstar_finegrained_0132_std.png,mmstar_mmstar_finegrained
mmstar_finegrained_0133,mmstar_finegrained,object,What is the dominant color in this image?,green,orange,arbitration_dataset/images/mmstar_finegrained/mmstar_finegrained_0133_cf.png,arbitration_dataset/images/mmstar_finegrained/mmstar_finegrained_0133_std.png,mmstar_mmstar_finegrained
mmstar_finegrained_0134,mmstar_finegrained,object,What is the dominant color in this image?,blue,orange,arbitration_dataset/images/mmstar_finegrained/mmstar_finegrained_0134_cf.png,arbitration_dataset/images/mmstar_finegrained/mmstar_finegrained_0134_std.png,mmstar_mmstar_finegrained
mmstar_finegrained_0135,mmstar_finegrained,object,What is the dominant color in this image?,purple,orange,arbitration_dataset/images/mmstar_finegrained/mmstar_finegrained_0135_cf.png,arbitration_dataset/images/mmstar_finegrained/mmstar_finegrained_0135_std.png,mmstar_mmstar_finegrained
mmstar_finegrained_0136,mmstar_finegrained,object,What is the dominant color in this image?,pink,yellow,arbitration_dataset/images/mmstar_finegrained/mmstar_finegrained_0136_cf.png,arbitration_dataset/images/mmstar_finegrained/mmstar_finegrained_0136_std.png,mmstar_mmstar_finegrained
mmstar_finegrained_0137,mmstar_finegrained,object,What is the dominant color in this image?,yellow,brown,arbitration_dataset/images/mmstar_finegrained/mmstar_finegrained_0137_cf.png,arbitration_dataset/images/mmstar_finegrained/mmstar_finegrained_0137_std.png,mmstar_mmstar_finegrained
mmstar_finegrained_0138,mmstar_finegrained,object,What is the dominant color in this image?,purple,brown,arbitration_dataset/images/mmstar_finegrained/mmstar_finegrained_0138_cf.png,arbitration_dataset/images/mmstar_finegrained/mmstar_finegrained_0138_std.png,mmstar_mmstar_finegrained
mmstar_finegrained_0139,mmstar_finegrained,object,What is the dominant color in this image?,brown,orange,arbitration_dataset/images/mmstar_finegrained/mmstar_finegrained_0139_cf.png,arbitration_dataset/images/mmstar_finegrained/mmstar_finegrained_0139_std.png,mmstar_mmstar_finegrained
mmstar_finegrained_0140,mmstar_finegrained,object,What is the dominant color in this image?,blue,red,arbitration_dataset/images/mmstar_finegrained/mmstar_finegrained_0140_cf.png,arbitration_dataset/images/mmstar_finegrained/mmstar_finegrained_0140_std.png,mmstar_mmstar_finegrained
mmstar_finegrained_0141,mmstar_finegrained,object,What is the dominant color in this image?,yellow,orange,arbitration_dataset/images/mmstar_finegrained/mmstar_finegrained_0141_cf.png,arbitration_dataset/images/mmstar_finegrained/mmstar_finegrained_0141_std.png,mmstar_mmstar_finegrained
mmstar_finegrained_0142,mmstar_finegrained,object,What is the dominant color in this image?,purple,red,arbitration_dataset/images/mmstar_finegrained/mmstar_finegrained_0142_cf.png,arbitration_dataset/images/mmstar_finegrained/mmstar_finegrained_0142_std.png,mmstar_mmstar_finegrained
mmstar_finegrained_0143,mmstar_finegrained,object,What is the dominant color in this image?,blue,orange,arbitration_dataset/images/mmstar_finegrained/mmstar_finegrained_0143_cf.png,arbitration_dataset/images/mmstar_finegrained/mmstar_finegrained_0143_std.png,mmstar_mmstar_finegrained
mmstar_finegrained_0144,mmstar_finegrained,object,What is the dominant color in this image?,yellow,brown,arbitration_dataset/images/mmstar_finegrained/mmstar_finegrained_0144_cf.png,arbitration_dataset/images/mmstar_finegrained/mmstar_finegrained_0144_std.png,mmstar_mmstar_finegrained
mmstar_finegrained_0145,mmstar_finegrained,object,What is the dominant color in this image?,pink,brown,arbitration_dataset/images/mmstar_finegrained/mmstar_finegrained_0145_cf.png,arbitration_dataset/images/mmstar_finegrained/mmstar_finegrained_0145_std.png,mmstar_mmstar_finegrained
mmstar_finegrained_0146,mmstar_finegrained,object,What is the dominant color in this image?,blue,red,arbitration_dataset/images/mmstar_finegrained/mmstar_finegrained_0146_cf.png,arbitration_dataset/images/mmstar_finegrained/mmstar_finegrained_0146_std.png,mmstar_mmstar_finegrained
mmstar_finegrained_0147,mmstar_finegrained,object,What is the dominant color in this image?,yellow,orange,arbitration_dataset/images/mmstar_finegrained/mmstar_finegrained_0147_cf.png,arbitration_dataset/images/mmstar_finegrained/mmstar_finegrained_0147_std.png,mmstar_mmstar_finegrained
mmstar_finegrained_0148,mmstar_finegrained,object,What is the dominant color in this image?,brown,purple,arbitration_dataset/images/mmstar_finegrained/mmstar_finegrained_0148_cf.png,arbitration_dataset/images/mmstar_finegrained/mmstar_finegrained_0148_std.png,mmstar_mmstar_finegrained
mmstar_finegrained_0149,mmstar_finegrained,object,What is the dominant color in this image?,red,brown,arbitration_dataset/images/mmstar_finegrained/mmstar_finegrained_0149_cf.png,arbitration_dataset/images/mmstar_finegrained/mmstar_finegrained_0149_std.png,mmstar_mmstar_finegrained
mmstar_finegrained_0150,mmstar_finegrained,object,What is the dominant color in this image?,brown,blue,arbitration_dataset/images/mmstar_finegrained/mmstar_finegrained_0150_cf.png,arbitration_dataset/images/mmstar_finegrained/mmstar_finegrained_0150_std.png,mmstar_mmstar_finegrained
mmstar_finegrained_0151,mmstar_finegrained,object,What is the dominant color in this image?,brown,blue,arbitration_dataset/images/mmstar_finegrained/mmstar_finegrained_0151_cf.png,arbitration_dataset/images/mmstar_finegrained/mmstar_finegrained_0151_std.png,mmstar_mmstar_finegrained
mmstar_finegrained_0152,mmstar_finegrained,object,What is the dominant color in this image?,green,blue,arbitration_dataset/images/mmstar_finegrained/mmstar_finegrained_0152_cf.png,arbitration_dataset/images/mmstar_finegrained/mmstar_finegrained_0152_std.png,mmstar_mmstar_finegrained
mmstar_finegrained_0153,mmstar_finegrained,object,What is the dominant color in this image?,pink,orange,arbitration_dataset/images/mmstar_finegrained/mmstar_finegrained_0153_cf.png,arbitration_dataset/images/mmstar_finegrained/mmstar_finegrained_0153_std.png,mmstar_mmstar_finegrained
mmstar_finegrained_0154,mmstar_finegrained,object,What is the dominant color in this image?,yellow,brown,arbitration_dataset/images/mmstar_finegrained/mmstar_finegrained_0154_cf.png,arbitration_dataset/images/mmstar_finegrained/mmstar_finegrained_0154_std.png,mmstar_mmstar_finegrained
mmstar_finegrained_0155,mmstar_finegrained,object,What is the dominant color in this image?,yellow,orange,arbitration_dataset/images/mmstar_finegrained/mmstar_finegrained_0155_cf.png,arbitration_dataset/images/mmstar_finegrained/mmstar_finegrained_0155_std.png,mmstar_mmstar_finegrained
mmstar_finegrained_0156,mmstar_finegrained,object,What is the dominant color in this image?,red,orange,arbitration_dataset/images/mmstar_finegrained/mmstar_finegrained_0156_cf.png,arbitration_dataset/images/mmstar_finegrained/mmstar_finegrained_0156_std.png,mmstar_mmstar_finegrained
mmstar_finegrained_0157,mmstar_finegrained,object,What is the dominant color in this image?,pink,orange,arbitration_dataset/images/mmstar_finegrained/mmstar_finegrained_0157_cf.png,arbitration_dataset/images/mmstar_finegrained/mmstar_finegrained_0157_std.png,mmstar_mmstar_finegrained
mmstar_finegrained_0158,mmstar_finegrained,object,What is the dominant color in this image?,blue,orange,arbitration_dataset/images/mmstar_finegrained/mmstar_finegrained_0158_cf.png,arbitration_dataset/images/mmstar_finegrained/mmstar_finegrained_0158_std.png,mmstar_mmstar_finegrained
mmstar_finegrained_0159,mmstar_finegrained,object,What is the dominant color in this image?,pink,yellow,arbitration_dataset/images/mmstar_finegrained/mmstar_finegrained_0159_cf.png,arbitration_dataset/images/mmstar_finegrained/mmstar_finegrained_0159_std.png,mmstar_mmstar_finegrained
mmstar_finegrained_0160,mmstar_finegrained,object,What is the dominant color in this image?,red,yellow,arbitration_dataset/images/mmstar_finegrained/mmstar_finegrained_0160_cf.png,arbitration_dataset/images/mmstar_finegrained/mmstar_finegrained_0160_std.png,mmstar_mmstar_finegrained
mmstar_finegrained_0161,mmstar_finegrained,object,What is the dominant color in this image?,green,blue,arbitration_dataset/images/mmstar_finegrained/mmstar_finegrained_0161_cf.png,arbitration_dataset/images/mmstar_finegrained/mmstar_finegrained_0161_std.png,mmstar_mmstar_finegrained
mmstar_finegrained_0162,mmstar_finegrained,object,What is the dominant color in this image?,green,purple,arbitration_dataset/images/mmstar_finegrained/mmstar_finegrained_0162_cf.png,arbitration_dataset/images/mmstar_finegrained/mmstar_finegrained_0162_std.png,mmstar_mmstar_finegrained
mmstar_finegrained_0163,mmstar_finegrained,object,What is the dominant color in this image?,purple,orange,arbitration_dataset/images/mmstar_finegrained/mmstar_finegrained_0163_cf.png,arbitration_dataset/images/mmstar_finegrained/mmstar_finegrained_0163_std.png,mmstar_mmstar_finegrained
mmstar_finegrained_0164,mmstar_finegrained,object,What is the dominant color in this image?,pink,yellow,arbitration_dataset/images/mmstar_finegrained/mmstar_finegrained_0164_cf.png,arbitration_dataset/images/mmstar_finegrained/mmstar_finegrained_0164_std.png,mmstar_mmstar_finegrained
mmstar_finegrained_0165,mmstar_finegrained,object,What is the dominant color in this image?,pink,orange,arbitration_dataset/images/mmstar_finegrained/mmstar_finegrained_0165_cf.png,arbitration_dataset/images/mmstar_finegrained/mmstar_finegrained_0165_std.png,mmstar_mmstar_finegrained
mmstar_finegrained_0166,mmstar_finegrained,object,What is the dominant color in this image?,red,orange,arbitration_dataset/images/mmstar_finegrained/mmstar_finegrained_0166_cf.png,arbitration_dataset/images/mmstar_finegrained/mmstar_finegrained_0166_std.png,mmstar_mmstar_finegrained
mmstar_finegrained_0167,mmstar_finegrained,object,What is the dominant color in this image?,red,yellow,arbitration_dataset/images/mmstar_finegrained/mmstar_finegrained_0167_cf.png,arbitration_dataset/images/mmstar_finegrained/mmstar_finegrained_0167_std.png,mmstar_mmstar_finegrained
mmstar_finegrained_0168,mmstar_finegrained,object,What is the dominant color in this image?,orange,blue,arbitration_dataset/images/mmstar_finegrained/mmstar_finegrained_0168_cf.png,arbitration_dataset/images/mmstar_finegrained/mmstar_finegrained_0168_std.png,mmstar_mmstar_finegrained
mmstar_finegrained_0169,mmstar_finegrained,object,What is the dominant color in this image?,blue,yellow,arbitration_dataset/images/mmstar_finegrained/mmstar_finegrained_0169_cf.png,arbitration_dataset/images/mmstar_finegrained/mmstar_finegrained_0169_std.png,mmstar_mmstar_finegrained
mmstar_finegrained_0170,mmstar_finegrained,object,What is the dominant color in this image?,blue,yellow,arbitration_dataset/images/mmstar_finegrained/mmstar_finegrained_0170_cf.png,arbitration_dataset/images/mmstar_finegrained/mmstar_finegrained_0170_std.png,mmstar_mmstar_finegrained
mmstar_finegrained_0171,mmstar_finegrained,object,What is the dominant color in this image?,pink,red,arbitration_dataset/images/mmstar_finegrained/mmstar_finegrained_0171_cf.png,arbitration_dataset/images/mmstar_finegrained/mmstar_finegrained_0171_std.png,mmstar_mmstar_finegrained
mmstar_finegrained_0172,mmstar_finegrained,object,What is the dominant color in this image?,purple,blue,arbitration_dataset/images/mmstar_finegrained/mmstar_finegrained_0172_cf.png,arbitration_dataset/images/mmstar_finegrained/mmstar_finegrained_0172_std.png,mmstar_mmstar_finegrained
mmstar_finegrained_0173,mmstar_finegrained,object,What is the dominant color in this image?,red,orange,arbitration_dataset/images/mmstar_finegrained/mmstar_finegrained_0173_cf.png,arbitration_dataset/images/mmstar_finegrained/mmstar_finegrained_0173_std.png,mmstar_mmstar_finegrained
mmstar_finegrained_0174,mmstar_finegrained,object,What is the dominant color in this image?,pink,yellow,arbitration_dataset/images/mmstar_finegrained/mmstar_finegrained_0174_cf.png,arbitration_dataset/images/mmstar_finegrained/mmstar_finegrained_0174_std.png,mmstar_mmstar_finegrained
mmstar_finegrained_0175,mmstar_finegrained,object,What is the dominant color in this image?,yellow,red,arbitration_dataset/images/mmstar_finegrained/mmstar_finegrained_0175_cf.png,arbitration_dataset/images/mmstar_finegrained/mmstar_finegrained_0175_std.png,mmstar_mmstar_finegrained
mmstar_finegrained_0176,mmstar_finegrained,object,What is the dominant color in this image?,red,yellow,arbitration_dataset/images/mmstar_finegrained/mmstar_finegrained_0176_cf.png,arbitration_dataset/images/mmstar_finegrained/mmstar_finegrained_0176_std.png,mmstar_mmstar_finegrained
mmstar_finegrained_0177,mmstar_finegrained,object,What is the dominant color in this image?,yellow,purple,arbitration_dataset/images/mmstar_finegrained/mmstar_finegrained_0177_cf.png,arbitration_dataset/images/mmstar_finegrained/mmstar_finegrained_0177_std.png,mmstar_mmstar_finegrained
mmstar_finegrained_0178,mmstar_finegrained,object,What is the dominant color in this image?,orange,yellow,arbitration_dataset/images/mmstar_finegrained/mmstar_finegrained_0178_cf.png,arbitration_dataset/images/mmstar_finegrained/mmstar_finegrained_0178_std.png,mmstar_mmstar_finegrained
mmstar_finegrained_0179,mmstar_finegrained,object,What is the dominant color in this image?,yellow,brown,arbitration_dataset/images/mmstar_finegrained/mmstar_finegrained_0179_cf.png,arbitration_dataset/images/mmstar_finegrained/mmstar_finegrained_0179_std.png,mmstar_mmstar_finegrained
mmstar_finegrained_0180,mmstar_finegrained,object,What is the dominant color in this image?,orange,blue,arbitration_dataset/images/mmstar_finegrained/mmstar_finegrained_0180_cf.png,arbitration_dataset/images/mmstar_finegrained/mmstar_finegrained_0180_std.png,mmstar_mmstar_finegrained
mmstar_finegrained_0181,mmstar_finegrained,object,What is the dominant color in this image?,purple,yellow,arbitration_dataset/images/mmstar_finegrained/mmstar_finegrained_0181_cf.png,arbitration_dataset/images/mmstar_finegrained/mmstar_finegrained_0181_std.png,mmstar_mmstar_finegrained
mmstar_finegrained_0182,mmstar_finegrained,object,What is the dominant color in this image?,brown,blue,arbitration_dataset/images/mmstar_finegrained/mmstar_finegrained_0182_cf.png,arbitration_dataset/images/mmstar_finegrained/mmstar_finegrained_0182_std.png,mmstar_mmstar_finegrained
mmstar_finegrained_0183,mmstar_finegrained,object,What is the dominant color in this image?,green,brown,arbitration_dataset/images/mmstar_finegrained/mmstar_finegrained_0183_cf.png,arbitration_dataset/images/mmstar_finegrained/mmstar_finegrained_0183_std.png,mmstar_mmstar_finegrained
mmstar_finegrained_0184,mmstar_finegrained,object,What is the dominant color in this image?,red,yellow,arbitration_dataset/images/mmstar_finegrained/mmstar_finegrained_0184_cf.png,arbitration_dataset/images/mmstar_finegrained/mmstar_finegrained_0184_std.png,mmstar_mmstar_finegrained
mmstar_finegrained_0185,mmstar_finegrained,object,What is the dominant color in this image?,orange,brown,arbitration_dataset/images/mmstar_finegrained/mmstar_finegrained_0185_cf.png,arbitration_dataset/images/mmstar_finegrained/mmstar_finegrained_0185_std.png,mmstar_mmstar_finegrained
mmstar_finegrained_0186,mmstar_finegrained,object,What is the dominant color in this image?,brown,orange,arbitration_dataset/images/mmstar_finegrained/mmstar_finegrained_0186_cf.png,arbitration_dataset/images/mmstar_finegrained/mmstar_finegrained_0186_std.png,mmstar_mmstar_finegrained
mmstar_finegrained_0187,mmstar_finegrained,object,What is the dominant color in this image?,blue,orange,arbitration_dataset/images/mmstar_finegrained/mmstar_finegrained_0187_cf.png,arbitration_dataset/images/mmstar_finegrained/mmstar_finegrained_0187_std.png,mmstar_mmstar_finegrained
mmstar_finegrained_0188,mmstar_finegrained,object,What is the dominant color in this image?,pink,green,arbitration_dataset/images/mmstar_finegrained/mmstar_finegrained_0188_cf.png,arbitration_dataset/images/mmstar_finegrained/mmstar_finegrained_0188_std.png,mmstar_mmstar_finegrained
mmstar_finegrained_0189,mmstar_finegrained,object,What is the dominant color in this image?,green,blue,arbitration_dataset/images/mmstar_finegrained/mmstar_finegrained_0189_cf.png,arbitration_dataset/images/mmstar_finegrained/mmstar_finegrained_0189_std.png,mmstar_mmstar_finegrained
mmstar_finegrained_0190,mmstar_finegrained,object,What is the dominant color in this image?,green,orange,arbitration_dataset/images/mmstar_finegrained/mmstar_finegrained_0190_cf.png,arbitration_dataset/images/mmstar_finegrained/mmstar_finegrained_0190_std.png,mmstar_mmstar_finegrained
mmstar_finegrained_0191,mmstar_finegrained,object,What is the dominant color in this image?,brown,blue,arbitration_dataset/images/mmstar_finegrained/mmstar_finegrained_0191_cf.png,arbitration_dataset/images/mmstar_finegrained/mmstar_finegrained_0191_std.png,mmstar_mmstar_finegrained
mmstar_finegrained_0192,mmstar_finegrained,object,What is the dominant color in this image?,pink,blue,arbitration_dataset/images/mmstar_finegrained/mmstar_finegrained_0192_cf.png,arbitration_dataset/images/mmstar_finegrained/mmstar_finegrained_0192_std.png,mmstar_mmstar_finegrained
mmstar_finegrained_0193,mmstar_finegrained,object,What is the dominant color in this image?,brown,pink,arbitration_dataset/images/mmstar_finegrained/mmstar_finegrained_0193_cf.png,arbitration_dataset/images/mmstar_finegrained/mmstar_finegrained_0193_std.png,mmstar_mmstar_finegrained
mmstar_finegrained_0194,mmstar_finegrained,object,What is the dominant color in this image?,blue,brown,arbitration_dataset/images/mmstar_finegrained/mmstar_finegrained_0194_cf.png,arbitration_dataset/images/mmstar_finegrained/mmstar_finegrained_0194_std.png,mmstar_mmstar_finegrained
mmstar_finegrained_0195,mmstar_finegrained,object,What is the dominant color in this image?,purple,red,arbitration_dataset/images/mmstar_finegrained/mmstar_finegrained_0195_cf.png,arbitration_dataset/images/mmstar_finegrained/mmstar_finegrained_0195_std.png,mmstar_mmstar_finegrained
mmstar_finegrained_0196,mmstar_finegrained,object,What is the dominant color in this image?,green,red,arbitration_dataset/images/mmstar_finegrained/mmstar_finegrained_0196_cf.png,arbitration_dataset/images/mmstar_finegrained/mmstar_finegrained_0196_std.png,mmstar_mmstar_finegrained
mmstar_finegrained_0197,mmstar_finegrained,object,What is the dominant color in this image?,brown,orange,arbitration_dataset/images/mmstar_finegrained/mmstar_finegrained_0197_cf.png,arbitration_dataset/images/mmstar_finegrained/mmstar_finegrained_0197_std.png,mmstar_mmstar_finegrained
mmstar_finegrained_0198,mmstar_finegrained,object,What is the dominant color in this image?,brown,purple,arbitration_dataset/images/mmstar_finegrained/mmstar_finegrained_0198_cf.png,arbitration_dataset/images/mmstar_finegrained/mmstar_finegrained_0198_std.png,mmstar_mmstar_finegrained
mmstar_finegrained_0199,mmstar_finegrained,object,What is the dominant color in this image?,brown,orange,arbitration_dataset/images/mmstar_finegrained/mmstar_finegrained_0199_cf.png,arbitration_dataset/images/mmstar_finegrained/mmstar_finegrained_0199_std.png,mmstar_mmstar_finegrained
mmstar_finegrained_0200,mmstar_finegrained,object,What is the dominant color in this image?,pink,orange,arbitration_dataset/images/mmstar_finegrained/mmstar_finegrained_0200_cf.png,arbitration_dataset/images/mmstar_finegrained/mmstar_finegrained_0200_std.png,mmstar_mmstar_finegrained
mmstar_finegrained_0201,mmstar_finegrained,object,What is the dominant color in this image?,green,brown,arbitration_dataset/images/mmstar_finegrained/mmstar_finegrained_0201_cf.png,arbitration_dataset/images/mmstar_finegrained/mmstar_finegrained_0201_std.png,mmstar_mmstar_finegrained
mmstar_finegrained_0202,mmstar_finegrained,object,What is the dominant color in this image?,green,orange,arbitration_dataset/images/mmstar_finegrained/mmstar_finegrained_0202_cf.png,arbitration_dataset/images/mmstar_finegrained/mmstar_finegrained_0202_std.png,mmstar_mmstar_finegrained
mmstar_finegrained_0203,mmstar_finegrained,object,What is the dominant color in this image?,blue,orange,arbitration_dataset/images/mmstar_finegrained/mmstar_finegrained_0203_cf.png,arbitration_dataset/images/mmstar_finegrained/mmstar_finegrained_0203_std.png,mmstar_mmstar_finegrained
mmstar_finegrained_0204,mmstar_finegrained,object,What is the dominant color in this image?,pink,blue,arbitration_dataset/images/mmstar_finegrained/mmstar_finegrained_0204_cf.png,arbitration_dataset/images/mmstar_finegrained/mmstar_finegrained_0204_std.png,mmstar_mmstar_finegrained
mmstar_finegrained_0205,mmstar_finegrained,object,What is the dominant color in this image?,purple,orange,arbitration_dataset/images/mmstar_finegrained/mmstar_finegrained_0205_cf.png,arbitration_dataset/images/mmstar_finegrained/mmstar_finegrained_0205_std.png,mmstar_mmstar_finegrained
mmstar_finegrained_0206,mmstar_finegrained,object,What is the dominant color in this image?,blue,yellow,arbitration_dataset/images/mmstar_finegrained/mmstar_finegrained_0206_cf.png,arbitration_dataset/images/mmstar_finegrained/mmstar_finegrained_0206_std.png,mmstar_mmstar_finegrained
mmstar_finegrained_0207,mmstar_finegrained,object,What is the dominant color in this image?,blue,orange,arbitration_dataset/images/mmstar_finegrained/mmstar_finegrained_0207_cf.png,arbitration_dataset/images/mmstar_finegrained/mmstar_finegrained_0207_std.png,mmstar_mmstar_finegrained
mmstar_finegrained_0208,mmstar_finegrained,object,What is the dominant color in this image?,blue,brown,arbitration_dataset/images/mmstar_finegrained/mmstar_finegrained_0208_cf.png,arbitration_dataset/images/mmstar_finegrained/mmstar_finegrained_0208_std.png,mmstar_mmstar_finegrained
mmstar_finegrained_0209,mmstar_finegrained,object,What is the dominant color in this image?,green,yellow,arbitration_dataset/images/mmstar_finegrained/mmstar_finegrained_0209_cf.png,arbitration_dataset/images/mmstar_finegrained/mmstar_finegrained_0209_std.png,mmstar_mmstar_finegrained
mmstar_finegrained_0210,mmstar_finegrained,object,What is the dominant color in this image?,orange,blue,arbitration_dataset/images/mmstar_finegrained/mmstar_finegrained_0210_cf.png,arbitration_dataset/images/mmstar_finegrained/mmstar_finegrained_0210_std.png,mmstar_mmstar_finegrained
mmstar_finegrained_0211,mmstar_finegrained,object,What is the dominant color in this image?,pink,brown,arbitration_dataset/images/mmstar_finegrained/mmstar_finegrained_0211_cf.png,arbitration_dataset/images/mmstar_finegrained/mmstar_finegrained_0211_std.png,mmstar_mmstar_finegrained
mmstar_finegrained_0212,mmstar_finegrained,object,What is the dominant color in this image?,blue,red,arbitration_dataset/images/mmstar_finegrained/mmstar_finegrained_0212_cf.png,arbitration_dataset/images/mmstar_finegrained/mmstar_finegrained_0212_std.png,mmstar_mmstar_finegrained
mmstar_finegrained_0213,mmstar_finegrained,object,What is the dominant color in this image?,red,blue,arbitration_dataset/images/mmstar_finegrained/mmstar_finegrained_0213_cf.png,arbitration_dataset/images/mmstar_finegrained/mmstar_finegrained_0213_std.png,mmstar_mmstar_finegrained
mmstar_finegrained_0214,mmstar_finegrained,object,What is the dominant color in this image?,red,blue,arbitration_dataset/images/mmstar_finegrained/mmstar_finegrained_0214_cf.png,arbitration_dataset/images/mmstar_finegrained/mmstar_finegrained_0214_std.png,mmstar_mmstar_finegrained
mmstar_finegrained_0215,mmstar_finegrained,object,What is the dominant color in this image?,yellow,blue,arbitration_dataset/images/mmstar_finegrained/mmstar_finegrained_0215_cf.png,arbitration_dataset/images/mmstar_finegrained/mmstar_finegrained_0215_std.png,mmstar_mmstar_finegrained
mmstar_finegrained_0216,mmstar_finegrained,object,What is the dominant color in this image?,blue,orange,arbitration_dataset/images/mmstar_finegrained/mmstar_finegrained_0216_cf.png,arbitration_dataset/images/mmstar_finegrained/mmstar_finegrained_0216_std.png,mmstar_mmstar_finegrained
mmstar_finegrained_0217,mmstar_finegrained,object,What is the dominant color in this image?,blue,yellow,arbitration_dataset/images/mmstar_finegrained/mmstar_finegrained_0217_cf.png,arbitration_dataset/images/mmstar_finegrained/mmstar_finegrained_0217_std.png,mmstar_mmstar_finegrained
mmstar_finegrained_0218,mmstar_finegrained,object,What is the dominant color in this image?,yellow,red,arbitration_dataset/images/mmstar_finegrained/mmstar_finegrained_0218_cf.png,arbitration_dataset/images/mmstar_finegrained/mmstar_finegrained_0218_std.png,mmstar_mmstar_finegrained
mmstar_finegrained_0219,mmstar_finegrained,object,What is the dominant color in this image?,pink,green,arbitration_dataset/images/mmstar_finegrained/mmstar_finegrained_0219_cf.png,arbitration_dataset/images/mmstar_finegrained/mmstar_finegrained_0219_std.png,mmstar_mmstar_finegrained
mmstar_finegrained_0220,mmstar_finegrained,object,What is the dominant color in this image?,orange,blue,arbitration_dataset/images/mmstar_finegrained/mmstar_finegrained_0220_cf.png,arbitration_dataset/images/mmstar_finegrained/mmstar_finegrained_0220_std.png,mmstar_mmstar_finegrained
mmstar_finegrained_0221,mmstar_finegrained,object,What is the dominant color in this image?,red,yellow,arbitration_dataset/images/mmstar_finegrained/mmstar_finegrained_0221_cf.png,arbitration_dataset/images/mmstar_finegrained/mmstar_finegrained_0221_std.png,mmstar_mmstar_finegrained
mmstar_finegrained_0222,mmstar_finegrained,object,What is the dominant color in this image?,red,blue,arbitration_dataset/images/mmstar_finegrained/mmstar_finegrained_0222_cf.png,arbitration_dataset/images/mmstar_finegrained/mmstar_finegrained_0222_std.png,mmstar_mmstar_finegrained
mmstar_finegrained_0223,mmstar_finegrained,object,What is the dominant color in this image?,pink,blue,arbitration_dataset/images/mmstar_finegrained/mmstar_finegrained_0223_cf.png,arbitration_dataset/images/mmstar_finegrained/mmstar_finegrained_0223_std.png,mmstar_mmstar_finegrained
mmstar_finegrained_0224,mmstar_finegrained,object,What is the dominant color in this image?,red,orange,arbitration_dataset/images/mmstar_finegrained/mmstar_finegrained_0224_cf.png,arbitration_dataset/images/mmstar_finegrained/mmstar_finegrained_0224_std.png,mmstar_mmstar_finegrained
mmstar_finegrained_0225,mmstar_finegrained,object,What is the dominant color in this image?,pink,brown,arbitration_dataset/images/mmstar_finegrained/mmstar_finegrained_0225_cf.png,arbitration_dataset/images/mmstar_finegrained/mmstar_finegrained_0225_std.png,mmstar_mmstar_finegrained
mmstar_finegrained_0226,mmstar_finegrained,object,What is the dominant color in this image?,orange,red,arbitration_dataset/images/mmstar_finegrained/mmstar_finegrained_0226_cf.png,arbitration_dataset/images/mmstar_finegrained/mmstar_finegrained_0226_std.png,mmstar_mmstar_finegrained
mmstar_finegrained_0227,mmstar_finegrained,object,What is the dominant color in this image?,blue,orange,arbitration_dataset/images/mmstar_finegrained/mmstar_finegrained_0227_cf.png,arbitration_dataset/images/mmstar_finegrained/mmstar_finegrained_0227_std.png,mmstar_mmstar_finegrained
mmstar_finegrained_0228,mmstar_finegrained,object,What is the dominant color in this image?,pink,blue,arbitration_dataset/images/mmstar_finegrained/mmstar_finegrained_0228_cf.png,arbitration_dataset/images/mmstar_finegrained/mmstar_finegrained_0228_std.png,mmstar_mmstar_finegrained
mmstar_finegrained_0229,mmstar_finegrained,object,What is the dominant color in this image?,orange,red,arbitration_dataset/images/mmstar_finegrained/mmstar_finegrained_0229_cf.png,arbitration_dataset/images/mmstar_finegrained/mmstar_finegrained_0229_std.png,mmstar_mmstar_finegrained
mmstar_finegrained_0230,mmstar_finegrained,object,What is the dominant color in this image?,yellow,red,arbitration_dataset/images/mmstar_finegrained/mmstar_finegrained_0230_cf.png,arbitration_dataset/images/mmstar_finegrained/mmstar_finegrained_0230_std.png,mmstar_mmstar_finegrained
mmstar_finegrained_0231,mmstar_finegrained,object,What is the dominant color in this image?,blue,yellow,arbitration_dataset/images/mmstar_finegrained/mmstar_finegrained_0231_cf.png,arbitration_dataset/images/mmstar_finegrained/mmstar_finegrained_0231_std.png,mmstar_mmstar_finegrained
mmstar_coarse_0001,mmstar_coarse,object,What is the dominant color in this image?,orange,blue,arbitration_dataset/images/mmstar_coarse/mmstar_coarse_0001_cf.png,arbitration_dataset/images/mmstar_coarse/mmstar_coarse_0001_std.png,mmstar_mmstar_coarse
mmstar_coarse_0002,mmstar_coarse,object,What is the dominant color in this image?,red,blue,arbitration_dataset/images/mmstar_coarse/mmstar_coarse_0002_cf.png,arbitration_dataset/images/mmstar_coarse/mmstar_coarse_0002_std.png,mmstar_mmstar_coarse
mmstar_coarse_0003,mmstar_coarse,object,What is the dominant color in this image?,yellow,blue,arbitration_dataset/images/mmstar_coarse/mmstar_coarse_0003_cf.png,arbitration_dataset/images/mmstar_coarse/mmstar_coarse_0003_std.png,mmstar_mmstar_coarse
mmstar_coarse_0004,mmstar_coarse,object,What is the dominant color in this image?,pink,brown,arbitration_dataset/images/mmstar_coarse/mmstar_coarse_0004_cf.png,arbitration_dataset/images/mmstar_coarse/mmstar_coarse_0004_std.png,mmstar_mmstar_coarse
mmstar_coarse_0005,mmstar_coarse,object,What is the dominant color in this image?,brown,yellow,arbitration_dataset/images/mmstar_coarse/mmstar_coarse_0005_cf.png,arbitration_dataset/images/mmstar_coarse/mmstar_coarse_0005_std.png,mmstar_mmstar_coarse
mmstar_coarse_0006,mmstar_coarse,object,What is the dominant color in this image?,green,yellow,arbitration_dataset/images/mmstar_coarse/mmstar_coarse_0006_cf.png,arbitration_dataset/images/mmstar_coarse/mmstar_coarse_0006_std.png,mmstar_mmstar_coarse
mmstar_coarse_0007,mmstar_coarse,object,What is the dominant color in this image?,pink,blue,arbitration_dataset/images/mmstar_coarse/mmstar_coarse_0007_cf.png,arbitration_dataset/images/mmstar_coarse/mmstar_coarse_0007_std.png,mmstar_mmstar_coarse
mmstar_coarse_0008,mmstar_coarse,object,What is the dominant color in this image?,purple,red,arbitration_dataset/images/mmstar_coarse/mmstar_coarse_0008_cf.png,arbitration_dataset/images/mmstar_coarse/mmstar_coarse_0008_std.png,mmstar_mmstar_coarse
mmstar_coarse_0009,mmstar_coarse,object,What is the dominant color in this image?,orange,blue,arbitration_dataset/images/mmstar_coarse/mmstar_coarse_0009_cf.png,arbitration_dataset/images/mmstar_coarse/mmstar_coarse_0009_std.png,mmstar_mmstar_coarse
mmstar_coarse_0010,mmstar_coarse,object,What is the dominant color in this image?,pink,blue,arbitration_dataset/images/mmstar_coarse/mmstar_coarse_0010_cf.png,arbitration_dataset/images/mmstar_coarse/mmstar_coarse_0010_std.png,mmstar_mmstar_coarse
mmstar_coarse_0011,mmstar_coarse,object,What is the dominant color in this image?,brown,red,arbitration_dataset/images/mmstar_coarse/mmstar_coarse_0011_cf.png,arbitration_dataset/images/mmstar_coarse/mmstar_coarse_0011_std.png,mmstar_mmstar_coarse
mmstar_coarse_0012,mmstar_coarse,object,What is the dominant color in this image?,red,green,arbitration_dataset/images/mmstar_coarse/mmstar_coarse_0012_cf.png,arbitration_dataset/images/mmstar_coarse/mmstar_coarse_0012_std.png,mmstar_mmstar_coarse
mmstar_coarse_0013,mmstar_coarse,object,What is the dominant color in this image?,pink,green,arbitration_dataset/images/mmstar_coarse/mmstar_coarse_0013_cf.png,arbitration_dataset/images/mmstar_coarse/mmstar_coarse_0013_std.png,mmstar_mmstar_coarse
mmstar_coarse_0014,mmstar_coarse,object,What is the dominant color in this image?,blue,yellow,arbitration_dataset/images/mmstar_coarse/mmstar_coarse_0014_cf.png,arbitration_dataset/images/mmstar_coarse/mmstar_coarse_0014_std.png,mmstar_mmstar_coarse
mmstar_coarse_0015,mmstar_coarse,object,What is the dominant color in this image?,pink,brown,arbitration_dataset/images/mmstar_coarse/mmstar_coarse_0015_cf.png,arbitration_dataset/images/mmstar_coarse/mmstar_coarse_0015_std.png,mmstar_mmstar_coarse
mmstar_coarse_0016,mmstar_coarse,object,What is the dominant color in this image?,red,brown,arbitration_dataset/images/mmstar_coarse/mmstar_coarse_0016_cf.png,arbitration_dataset/images/mmstar_coarse/mmstar_coarse_0016_std.png,mmstar_mmstar_coarse
mmstar_coarse_0017,mmstar_coarse,object,What is the dominant color in this image?,red,yellow,arbitration_dataset/images/mmstar_coarse/mmstar_coarse_0017_cf.png,arbitration_dataset/images/mmstar_coarse/mmstar_coarse_0017_std.png,mmstar_mmstar_coarse
mmstar_coarse_0018,mmstar_coarse,object,What is the dominant color in this image?,pink,brown,arbitration_dataset/images/mmstar_coarse/mmstar_coarse_0018_cf.png,arbitration_dataset/images/mmstar_coarse/mmstar_coarse_0018_std.png,mmstar_mmstar_coarse
mmstar_coarse_0019,mmstar_coarse,object,What is the dominant color in this image?,red,orange,arbitration_dataset/images/mmstar_coarse/mmstar_coarse_0019_cf.png,arbitration_dataset/images/mmstar_coarse/mmstar_coarse_0019_std.png,mmstar_mmstar_coarse
mmstar_coarse_0020,mmstar_coarse,object,What is the dominant color in this image?,green,yellow,arbitration_dataset/images/mmstar_coarse/mmstar_coarse_0020_cf.png,arbitration_dataset/images/mmstar_coarse/mmstar_coarse_0020_std.png,mmstar_mmstar_coarse
mmstar_coarse_0021,mmstar_coarse,object,What is the dominant color in this image?,purple,blue,arbitration_dataset/images/mmstar_coarse/mmstar_coarse_0021_cf.png,arbitration_dataset/images/mmstar_coarse/mmstar_coarse_0021_std.png,mmstar_mmstar_coarse
mmstar_coarse_0022,mmstar_coarse,object,What is the dominant color in this image?,yellow,blue,arbitration_dataset/images/mmstar_coarse/mmstar_coarse_0022_cf.png,arbitration_dataset/images/mmstar_coarse/mmstar_coarse_0022_std.png,mmstar_mmstar_coarse
mmstar_coarse_0023,mmstar_coarse,object,What is the dominant color in this image?,brown,yellow,arbitration_dataset/images/mmstar_coarse/mmstar_coarse_0023_cf.png,arbitration_dataset/images/mmstar_coarse/mmstar_coarse_0023_std.png,mmstar_mmstar_coarse
mmstar_coarse_0024,mmstar_coarse,object,What is the dominant color in this image?,red,blue,arbitration_dataset/images/mmstar_coarse/mmstar_coarse_0024_cf.png,arbitration_dataset/images/mmstar_coarse/mmstar_coarse_0024_std.png,mmstar_mmstar_coarse
mmstar_coarse_0025,mmstar_coarse,object,What is the dominant color in this image?,blue,orange,arbitration_dataset/images/mmstar_coarse/mmstar_coarse_0025_cf.png,arbitration_dataset/images/mmstar_coarse/mmstar_coarse_0025_std.png,mmstar_mmstar_coarse
mmstar_coarse_0026,mmstar_coarse,object,What is the dominant color in this image?,yellow,brown,arbitration_dataset/images/mmstar_coarse/mmstar_coarse_0026_cf.png,arbitration_dataset/images/mmstar_coarse/mmstar_coarse_0026_std.png,mmstar_mmstar_coarse
mmstar_coarse_0027,mmstar_coarse,object,What is the dominant color in this image?,pink,blue,arbitration_dataset/images/mmstar_coarse/mmstar_coarse_0027_cf.png,arbitration_dataset/images/mmstar_coarse/mmstar_coarse_0027_std.png,mmstar_mmstar_coarse
mmstar_coarse_0028,mmstar_coarse,object,What is the dominant color in this image?,pink,orange,arbitration_dataset/images/mmstar_coarse/mmstar_coarse_0028_cf.png,arbitration_dataset/images/mmstar_coarse/mmstar_coarse_0028_std.png,mmstar_mmstar_coarse
mmstar_coarse_0029,mmstar_coarse,object,What is the dominant color in this image?,red,brown,arbitration_dataset/images/mmstar_coarse/mmstar_coarse_0029_cf.png,arbitration_dataset/images/mmstar_coarse/mmstar_coarse_0029_std.png,mmstar_mmstar_coarse
mmstar_coarse_0030,mmstar_coarse,object,What is the dominant color in this image?,blue,orange,arbitration_dataset/images/mmstar_coarse/mmstar_coarse_0030_cf.png,arbitration_dataset/images/mmstar_coarse/mmstar_coarse_0030_std.png,mmstar_mmstar_coarse
mmstar_coarse_0031,mmstar_coarse,object,What is the dominant color in this image?,brown,orange,arbitration_dataset/images/mmstar_coarse/mmstar_coarse_0031_cf.png,arbitration_dataset/images/mmstar_coarse/mmstar_coarse_0031_std.png,mmstar_mmstar_coarse
mmstar_coarse_0032,mmstar_coarse,object,What is the dominant color in this image?,purple,brown,arbitration_dataset/images/mmstar_coarse/mmstar_coarse_0032_cf.png,arbitration_dataset/images/mmstar_coarse/mmstar_coarse_0032_std.png,mmstar_mmstar_coarse
mmstar_coarse_0033,mmstar_coarse,object,What is the dominant color in this image?,brown,yellow,arbitration_dataset/images/mmstar_coarse/mmstar_coarse_0033_cf.png,arbitration_dataset/images/mmstar_coarse/mmstar_coarse_0033_std.png,mmstar_mmstar_coarse
mmstar_coarse_0034,mmstar_coarse,object,What is the dominant color in this image?,yellow,red,arbitration_dataset/images/mmstar_coarse/mmstar_coarse_0034_cf.png,arbitration_dataset/images/mmstar_coarse/mmstar_coarse_0034_std.png,mmstar_mmstar_coarse
mmstar_coarse_0035,mmstar_coarse,object,What is the dominant color in this image?,orange,brown,arbitration_dataset/images/mmstar_coarse/mmstar_coarse_0035_cf.png,arbitration_dataset/images/mmstar_coarse/mmstar_coarse_0035_std.png,mmstar_mmstar_coarse
mmstar_coarse_0036,mmstar_coarse,object,What is the dominant color in this image?,red,yellow,arbitration_dataset/images/mmstar_coarse/mmstar_coarse_0036_cf.png,arbitration_dataset/images/mmstar_coarse/mmstar_coarse_0036_std.png,mmstar_mmstar_coarse
mmstar_coarse_0037,mmstar_coarse,object,What is the dominant color in this image?,purple,yellow,arbitration_dataset/images/mmstar_coarse/mmstar_coarse_0037_cf.png,arbitration_dataset/images/mmstar_coarse/mmstar_coarse_0037_std.png,mmstar_mmstar_coarse
mmstar_coarse_0038,mmstar_coarse,object,What is the dominant color in this image?,pink,orange,arbitration_dataset/images/mmstar_coarse/mmstar_coarse_0038_cf.png,arbitration_dataset/images/mmstar_coarse/mmstar_coarse_0038_std.png,mmstar_mmstar_coarse
mmstar_coarse_0039,mmstar_coarse,object,What is the dominant color in this image?,purple,blue,arbitration_dataset/images/mmstar_coarse/mmstar_coarse_0039_cf.png,arbitration_dataset/images/mmstar_coarse/mmstar_coarse_0039_std.png,mmstar_mmstar_coarse
mmstar_coarse_0040,mmstar_coarse,object,What is the dominant color in this image?,red,blue,arbitration_dataset/images/mmstar_coarse/mmstar_coarse_0040_cf.png,arbitration_dataset/images/mmstar_coarse/mmstar_coarse_0040_std.png,mmstar_mmstar_coarse
mmstar_coarse_0041,mmstar_coarse,object,What is the dominant color in this image?,purple,orange,arbitration_dataset/images/mmstar_coarse/mmstar_coarse_0041_cf.png,arbitration_dataset/images/mmstar_coarse/mmstar_coarse_0041_std.png,mmstar_mmstar_coarse
mmstar_coarse_0042,mmstar_coarse,object,What is the dominant color in this image?,pink,orange,arbitration_dataset/images/mmstar_coarse/mmstar_coarse_0042_cf.png,arbitration_dataset/images/mmstar_coarse/mmstar_coarse_0042_std.png,mmstar_mmstar_coarse
mmstar_coarse_0043,mmstar_coarse,object,What is the dominant color in this image?,brown,blue,arbitration_dataset/images/mmstar_coarse/mmstar_coarse_0043_cf.png,arbitration_dataset/images/mmstar_coarse/mmstar_coarse_0043_std.png,mmstar_mmstar_coarse
mmstar_coarse_0044,mmstar_coarse,object,What is the dominant color in this image?,blue,brown,arbitration_dataset/images/mmstar_coarse/mmstar_coarse_0044_cf.png,arbitration_dataset/images/mmstar_coarse/mmstar_coarse_0044_std.png,mmstar_mmstar_coarse
mmstar_coarse_0045,mmstar_coarse,object,What is the dominant color in this image?,pink,brown,arbitration_dataset/images/mmstar_coarse/mmstar_coarse_0045_cf.png,arbitration_dataset/images/mmstar_coarse/mmstar_coarse_0045_std.png,mmstar_mmstar_coarse
mmstar_coarse_0046,mmstar_coarse,object,What is the dominant color in this image?,purple,blue,arbitration_dataset/images/mmstar_coarse/mmstar_coarse_0046_cf.png,arbitration_dataset/images/mmstar_coarse/mmstar_coarse_0046_std.png,mmstar_mmstar_coarse
mmstar_coarse_0047,mmstar_coarse,object,What is the dominant color in this image?,yellow,brown,arbitration_dataset/images/mmstar_coarse/mmstar_coarse_0047_cf.png,arbitration_dataset/images/mmstar_coarse/mmstar_coarse_0047_std.png,mmstar_mmstar_coarse
mmstar_coarse_0048,mmstar_coarse,object,What is the dominant color in this image?,blue,orange,arbitration_dataset/images/mmstar_coarse/mmstar_coarse_0048_cf.png,arbitration_dataset/images/mmstar_coarse/mmstar_coarse_0048_std.png,mmstar_mmstar_coarse
mmstar_coarse_0049,mmstar_coarse,object,What is the dominant color in this image?,red,green,arbitration_dataset/images/mmstar_coarse/mmstar_coarse_0049_cf.png,arbitration_dataset/images/mmstar_coarse/mmstar_coarse_0049_std.png,mmstar_mmstar_coarse
mmstar_coarse_0050,mmstar_coarse,object,What is the dominant color in this image?,yellow,orange,arbitration_dataset/images/mmstar_coarse/mmstar_coarse_0050_cf.png,arbitration_dataset/images/mmstar_coarse/mmstar_coarse_0050_std.png,mmstar_mmstar_coarse
mmstar_coarse_0051,mmstar_coarse,object,What is the dominant color in this image?,purple,blue,arbitration_dataset/images/mmstar_coarse/mmstar_coarse_0051_cf.png,arbitration_dataset/images/mmstar_coarse/mmstar_coarse_0051_std.png,mmstar_mmstar_coarse
mmstar_coarse_0052,mmstar_coarse,object,What is the dominant color in this image?,red,orange,arbitration_dataset/images/mmstar_coarse/mmstar_coarse_0052_cf.png,arbitration_dataset/images/mmstar_coarse/mmstar_coarse_0052_std.png,mmstar_mmstar_coarse
mmstar_coarse_0053,mmstar_coarse,object,What is the dominant color in this image?,brown,orange,arbitration_dataset/images/mmstar_coarse/mmstar_coarse_0053_cf.png,arbitration_dataset/images/mmstar_coarse/mmstar_coarse_0053_std.png,mmstar_mmstar_coarse
mmstar_coarse_0054,mmstar_coarse,object,What is the dominant color in this image?,brown,green,arbitration_dataset/images/mmstar_coarse/mmstar_coarse_0054_cf.png,arbitration_dataset/images/mmstar_coarse/mmstar_coarse_0054_std.png,mmstar_mmstar_coarse
mmstar_coarse_0055,mmstar_coarse,object,What is the dominant color in this image?,green,orange,arbitration_dataset/images/mmstar_coarse/mmstar_coarse_0055_cf.png,arbitration_dataset/images/mmstar_coarse/mmstar_coarse_0055_std.png,mmstar_mmstar_coarse
mmstar_coarse_0056,mmstar_coarse,object,What is the dominant color in this image?,green,red,arbitration_dataset/images/mmstar_coarse/mmstar_coarse_0056_cf.png,arbitration_dataset/images/mmstar_coarse/mmstar_coarse_0056_std.png,mmstar_mmstar_coarse
mmstar_coarse_0057,mmstar_coarse,object,What is the dominant color in this image?,brown,blue,arbitration_dataset/images/mmstar_coarse/mmstar_coarse_0057_cf.png,arbitration_dataset/images/mmstar_coarse/mmstar_coarse_0057_std.png,mmstar_mmstar_coarse
mmstar_coarse_0058,mmstar_coarse,object,What is the dominant color in this image?,blue,brown,arbitration_dataset/images/mmstar_coarse/mmstar_coarse_0058_cf.png,arbitration_dataset/images/mmstar_coarse/mmstar_coarse_0058_std.png,mmstar_mmstar_coarse
mmstar_coarse_0059,mmstar_coarse,object,What is the dominant color in this image?,pink,blue,arbitration_dataset/images/mmstar_coarse/mmstar_coarse_0059_cf.png,arbitration_dataset/images/mmstar_coarse/mmstar_coarse_0059_std.png,mmstar_mmstar_coarse
mmstar_coarse_0060,mmstar_coarse,object,What is the dominant color in this image?,blue,orange,arbitration_dataset/images/mmstar_coarse/mmstar_coarse_0060_cf.png,arbitration_dataset/images/mmstar_coarse/mmstar_coarse_0060_std.png,mmstar_mmstar_coarse
mmstar_coarse_0061,mmstar_coarse,object,What is the dominant color in this image?,brown,blue,arbitration_dataset/images/mmstar_coarse/mmstar_coarse_0061_cf.png,arbitration_dataset/images/mmstar_coarse/mmstar_coarse_0061_std.png,mmstar_mmstar_coarse
mmstar_coarse_0062,mmstar_coarse,object,What is the dominant color in this image?,pink,red,arbitration_dataset/images/mmstar_coarse/mmstar_coarse_0062_cf.png,arbitration_dataset/images/mmstar_coarse/mmstar_coarse_0062_std.png,mmstar_mmstar_coarse
mmstar_coarse_0063,mmstar_coarse,object,What is the dominant color in this image?,purple,brown,arbitration_dataset/images/mmstar_coarse/mmstar_coarse_0063_cf.png,arbitration_dataset/images/mmstar_coarse/mmstar_coarse_0063_std.png,mmstar_mmstar_coarse
mmstar_coarse_0064,mmstar_coarse,object,What is the dominant color in this image?,orange,yellow,arbitration_dataset/images/mmstar_coarse/mmstar_coarse_0064_cf.png,arbitration_dataset/images/mmstar_coarse/mmstar_coarse_0064_std.png,mmstar_mmstar_coarse
mmstar_coarse_0065,mmstar_coarse,object,What is the dominant color in this image?,green,blue,arbitration_dataset/images/mmstar_coarse/mmstar_coarse_0065_cf.png,arbitration_dataset/images/mmstar_coarse/mmstar_coarse_0065_std.png,mmstar_mmstar_coarse
mmstar_coarse_0066,mmstar_coarse,object,What is the dominant color in this image?,orange,blue,arbitration_dataset/images/mmstar_coarse/mmstar_coarse_0066_cf.png,arbitration_dataset/images/mmstar_coarse/mmstar_coarse_0066_std.png,mmstar_mmstar_coarse
mmstar_coarse_0067,mmstar_coarse,object,What is the dominant color in this image?,orange,brown,arbitration_dataset/images/mmstar_coarse/mmstar_coarse_0067_cf.png,arbitration_dataset/images/mmstar_coarse/mmstar_coarse_0067_std.png,mmstar_mmstar_coarse
mmstar_coarse_0068,mmstar_coarse,object,What is the dominant color in this image?,red,yellow,arbitration_dataset/images/mmstar_coarse/mmstar_coarse_0068_cf.png,arbitration_dataset/images/mmstar_coarse/mmstar_coarse_0068_std.png,mmstar_mmstar_coarse
mmstar_coarse_0069,mmstar_coarse,object,What is the dominant color in this image?,orange,blue,arbitration_dataset/images/mmstar_coarse/mmstar_coarse_0069_cf.png,arbitration_dataset/images/mmstar_coarse/mmstar_coarse_0069_std.png,mmstar_mmstar_coarse
mmstar_coarse_0070,mmstar_coarse,object,What is the dominant color in this image?,yellow,orange,arbitration_dataset/images/mmstar_coarse/mmstar_coarse_0070_cf.png,arbitration_dataset/images/mmstar_coarse/mmstar_coarse_0070_std.png,mmstar_mmstar_coarse
mmstar_coarse_0071,mmstar_coarse,object,What is the dominant color in this image?,yellow,blue,arbitration_dataset/images/mmstar_coarse/mmstar_coarse_0071_cf.png,arbitration_dataset/images/mmstar_coarse/mmstar_coarse_0071_std.png,mmstar_mmstar_coarse
mmstar_coarse_0072,mmstar_coarse,object,What is the dominant color in this image?,green,blue,arbitration_dataset/images/mmstar_coarse/mmstar_coarse_0072_cf.png,arbitration_dataset/images/mmstar_coarse/mmstar_coarse_0072_std.png,mmstar_mmstar_coarse
mmstar_coarse_0073,mmstar_coarse,object,What is the dominant color in this image?,green,blue,arbitration_dataset/images/mmstar_coarse/mmstar_coarse_0073_cf.png,arbitration_dataset/images/mmstar_coarse/mmstar_coarse_0073_std.png,mmstar_mmstar_coarse
mmstar_coarse_0074,mmstar_coarse,object,What is the dominant color in this image?,yellow,blue,arbitration_dataset/images/mmstar_coarse/mmstar_coarse_0074_cf.png,arbitration_dataset/images/mmstar_coarse/mmstar_coarse_0074_std.png,mmstar_mmstar_coarse
mmstar_coarse_0075,mmstar_coarse,object,What is the dominant color in this image?,brown,red,arbitration_dataset/images/mmstar_coarse/mmstar_coarse_0075_cf.png,arbitration_dataset/images/mmstar_coarse/mmstar_coarse_0075_std.png,mmstar_mmstar_coarse
mmstar_coarse_0076,mmstar_coarse,object,What is the dominant color in this image?,purple,orange,arbitration_dataset/images/mmstar_coarse/mmstar_coarse_0076_cf.png,arbitration_dataset/images/mmstar_coarse/mmstar_coarse_0076_std.png,mmstar_mmstar_coarse
mmstar_coarse_0077,mmstar_coarse,object,What is the dominant color in this image?,red,blue,arbitration_dataset/images/mmstar_coarse/mmstar_coarse_0077_cf.png,arbitration_dataset/images/mmstar_coarse/mmstar_coarse_0077_std.png,mmstar_mmstar_coarse
mmstar_coarse_0078,mmstar_coarse,object,What is the dominant color in this image?,blue,red,arbitration_dataset/images/mmstar_coarse/mmstar_coarse_0078_cf.png,arbitration_dataset/images/mmstar_coarse/mmstar_coarse_0078_std.png,mmstar_mmstar_coarse
mmstar_coarse_0079,mmstar_coarse,object,What is the dominant color in this image?,purple,orange,arbitration_dataset/images/mmstar_coarse/mmstar_coarse_0079_cf.png,arbitration_dataset/images/mmstar_coarse/mmstar_coarse_0079_std.png,mmstar_mmstar_coarse
mmstar_coarse_0080,mmstar_coarse,object,What is the dominant color in this image?,yellow,blue,arbitration_dataset/images/mmstar_coarse/mmstar_coarse_0080_cf.png,arbitration_dataset/images/mmstar_coarse/mmstar_coarse_0080_std.png,mmstar_mmstar_coarse
mmstar_coarse_0081,mmstar_coarse,object,What is the dominant color in this image?,pink,red,arbitration_dataset/images/mmstar_coarse/mmstar_coarse_0081_cf.png,arbitration_dataset/images/mmstar_coarse/mmstar_coarse_0081_std.png,mmstar_mmstar_coarse
mmstar_coarse_0082,mmstar_coarse,object,What is the dominant color in this image?,red,blue,arbitration_dataset/images/mmstar_coarse/mmstar_coarse_0082_cf.png,arbitration_dataset/images/mmstar_coarse/mmstar_coarse_0082_std.png,mmstar_mmstar_coarse
mmstar_coarse_0083,mmstar_coarse,object,What is the dominant color in this image?,green,orange,arbitration_dataset/images/mmstar_coarse/mmstar_coarse_0083_cf.png,arbitration_dataset/images/mmstar_coarse/mmstar_coarse_0083_std.png,mmstar_mmstar_coarse
mmstar_coarse_0084,mmstar_coarse,object,What is the dominant color in this image?,purple,blue,arbitration_dataset/images/mmstar_coarse/mmstar_coarse_0084_cf.png,arbitration_dataset/images/mmstar_coarse/mmstar_coarse_0084_std.png,mmstar_mmstar_coarse
mmstar_coarse_0085,mmstar_coarse,object,What is the dominant color in this image?,green,blue,arbitration_dataset/images/mmstar_coarse/mmstar_coarse_0085_cf.png,arbitration_dataset/images/mmstar_coarse/mmstar_coarse_0085_std.png,mmstar_mmstar_coarse
mmstar_coarse_0086,mmstar_coarse,object,What is the dominant color in this image?,green,blue,arbitration_dataset/images/mmstar_coarse/mmstar_coarse_0086_cf.png,arbitration_dataset/images/mmstar_coarse/mmstar_coarse_0086_std.png,mmstar_mmstar_coarse
mmstar_coarse_0087,mmstar_coarse,object,What is the dominant color in this image?,pink,yellow,arbitration_dataset/images/mmstar_coarse/mmstar_coarse_0087_cf.png,arbitration_dataset/images/mmstar_coarse/mmstar_coarse_0087_std.png,mmstar_mmstar_coarse
mmstar_coarse_0088,mmstar_coarse,object,What is the dominant color in this image?,orange,blue,arbitration_dataset/images/mmstar_coarse/mmstar_coarse_0088_cf.png,arbitration_dataset/images/mmstar_coarse/mmstar_coarse_0088_std.png,mmstar_mmstar_coarse
mmstar_coarse_0089,mmstar_coarse,object,What is the dominant color in this image?,green,yellow,arbitration_dataset/images/mmstar_coarse/mmstar_coarse_0089_cf.png,arbitration_dataset/images/mmstar_coarse/mmstar_coarse_0089_std.png,mmstar_mmstar_coarse
mmstar_coarse_0090,mmstar_coarse,object,What is the dominant color in this image?,brown,yellow,arbitration_dataset/images/mmstar_coarse/mmstar_coarse_0090_cf.png,arbitration_dataset/images/mmstar_coarse/mmstar_coarse_0090_std.png,mmstar_mmstar_coarse
mmstar_coarse_0091,mmstar_coarse,object,What is the dominant color in this image?,orange,purple,arbitration_dataset/images/mmstar_coarse/mmstar_coarse_0091_cf.png,arbitration_dataset/images/mmstar_coarse/mmstar_coarse_0091_std.png,mmstar_mmstar_coarse
mmstar_coarse_0092,mmstar_coarse,object,What is the dominant color in this image?,green,orange,arbitration_dataset/images/mmstar_coarse/mmstar_coarse_0092_cf.png,arbitration_dataset/images/mmstar_coarse/mmstar_coarse_0092_std.png,mmstar_mmstar_coarse
mmstar_coarse_0093,mmstar_coarse,object,What is the dominant color in this image?,blue,red,arbitration_dataset/images/mmstar_coarse/mmstar_coarse_0093_cf.png,arbitration_dataset/images/mmstar_coarse/mmstar_coarse_0093_std.png,mmstar_mmstar_coarse
mmstar_coarse_0094,mmstar_coarse,object,What is the dominant color in this image?,pink,blue,arbitration_dataset/images/mmstar_coarse/mmstar_coarse_0094_cf.png,arbitration_dataset/images/mmstar_coarse/mmstar_coarse_0094_std.png,mmstar_mmstar_coarse
mmstar_coarse_0095,mmstar_coarse,object,What is the dominant color in this image?,yellow,blue,arbitration_dataset/images/mmstar_coarse/mmstar_coarse_0095_cf.png,arbitration_dataset/images/mmstar_coarse/mmstar_coarse_0095_std.png,mmstar_mmstar_coarse
mmstar_coarse_0096,mmstar_coarse,object,What is the dominant color in this image?,pink,brown,arbitration_dataset/images/mmstar_coarse/mmstar_coarse_0096_cf.png,arbitration_dataset/images/mmstar_coarse/mmstar_coarse_0096_std.png,mmstar_mmstar_coarse
mmstar_coarse_0097,mmstar_coarse,object,What is the dominant color in this image?,green,orange,arbitration_dataset/images/mmstar_coarse/mmstar_coarse_0097_cf.png,arbitration_dataset/images/mmstar_coarse/mmstar_coarse_0097_std.png,mmstar_mmstar_coarse
mmstar_coarse_0098,mmstar_coarse,object,What is the dominant color in this image?,red,orange,arbitration_dataset/images/mmstar_coarse/mmstar_coarse_0098_cf.png,arbitration_dataset/images/mmstar_coarse/mmstar_coarse_0098_std.png,mmstar_mmstar_coarse
mmstar_coarse_0099,mmstar_coarse,object,What is the dominant color in this image?,pink,orange,arbitration_dataset/images/mmstar_coarse/mmstar_coarse_0099_cf.png,arbitration_dataset/images/mmstar_coarse/mmstar_coarse_0099_std.png,mmstar_mmstar_coarse
mmstar_coarse_0100,mmstar_coarse,object,What is the dominant color in this image?,purple,green,arbitration_dataset/images/mmstar_coarse/mmstar_coarse_0100_cf.png,arbitration_dataset/images/mmstar_coarse/mmstar_coarse_0100_std.png,mmstar_mmstar_coarse
mmstar_coarse_0101,mmstar_coarse,object,What is the dominant color in this image?,orange,red,arbitration_dataset/images/mmstar_coarse/mmstar_coarse_0101_cf.png,arbitration_dataset/images/mmstar_coarse/mmstar_coarse_0101_std.png,mmstar_mmstar_coarse
mmstar_coarse_0102,mmstar_coarse,object,What is the dominant color in this image?,brown,yellow,arbitration_dataset/images/mmstar_coarse/mmstar_coarse_0102_cf.png,arbitration_dataset/images/mmstar_coarse/mmstar_coarse_0102_std.png,mmstar_mmstar_coarse
mmstar_coarse_0103,mmstar_coarse,object,What is the dominant color in this image?,pink,green,arbitration_dataset/images/mmstar_coarse/mmstar_coarse_0103_cf.png,arbitration_dataset/images/mmstar_coarse/mmstar_coarse_0103_std.png,mmstar_mmstar_coarse
mmstar_coarse_0104,mmstar_coarse,object,What is the dominant color in this image?,pink,yellow,arbitration_dataset/images/mmstar_coarse/mmstar_coarse_0104_cf.png,arbitration_dataset/images/mmstar_coarse/mmstar_coarse_0104_std.png,mmstar_mmstar_coarse
mmstar_coarse_0105,mmstar_coarse,object,What is the dominant color in this image?,brown,blue,arbitration_dataset/images/mmstar_coarse/mmstar_coarse_0105_cf.png,arbitration_dataset/images/mmstar_coarse/mmstar_coarse_0105_std.png,mmstar_mmstar_coarse
mmstar_coarse_0106,mmstar_coarse,object,What is the dominant color in this image?,red,yellow,arbitration_dataset/images/mmstar_coarse/mmstar_coarse_0106_cf.png,arbitration_dataset/images/mmstar_coarse/mmstar_coarse_0106_std.png,mmstar_mmstar_coarse
mmstar_coarse_0107,mmstar_coarse,object,What is the dominant color in this image?,pink,blue,arbitration_dataset/images/mmstar_coarse/mmstar_coarse_0107_cf.png,arbitration_dataset/images/mmstar_coarse/mmstar_coarse_0107_std.png,mmstar_mmstar_coarse
mmstar_coarse_0108,mmstar_coarse,object,What is the dominant color in this image?,brown,blue,arbitration_dataset/images/mmstar_coarse/mmstar_coarse_0108_cf.png,arbitration_dataset/images/mmstar_coarse/mmstar_coarse_0108_std.png,mmstar_mmstar_coarse
mmstar_coarse_0109,mmstar_coarse,object,What is the dominant color in this image?,pink,yellow,arbitration_dataset/images/mmstar_coarse/mmstar_coarse_0109_cf.png,arbitration_dataset/images/mmstar_coarse/mmstar_coarse_0109_std.png,mmstar_mmstar_coarse
mmstar_coarse_0110,mmstar_coarse,object,What is the dominant color in this image?,orange,yellow,arbitration_dataset/images/mmstar_coarse/mmstar_coarse_0110_cf.png,arbitration_dataset/images/mmstar_coarse/mmstar_coarse_0110_std.png,mmstar_mmstar_coarse
mmstar_coarse_0111,mmstar_coarse,object,What is the dominant color in this image?,yellow,blue,arbitration_dataset/images/mmstar_coarse/mmstar_coarse_0111_cf.png,arbitration_dataset/images/mmstar_coarse/mmstar_coarse_0111_std.png,mmstar_mmstar_coarse
mmstar_coarse_0112,mmstar_coarse,object,What is the dominant color in this image?,purple,red,arbitration_dataset/images/mmstar_coarse/mmstar_coarse_0112_cf.png,arbitration_dataset/images/mmstar_coarse/mmstar_coarse_0112_std.png,mmstar_mmstar_coarse
mmstar_coarse_0113,mmstar_coarse,object,What is the dominant color in this image?,green,blue,arbitration_dataset/images/mmstar_coarse/mmstar_coarse_0113_cf.png,arbitration_dataset/images/mmstar_coarse/mmstar_coarse_0113_std.png,mmstar_mmstar_coarse
mmstar_coarse_0114,mmstar_coarse,object,What is the dominant color in this image?,yellow,blue,arbitration_dataset/images/mmstar_coarse/mmstar_coarse_0114_cf.png,arbitration_dataset/images/mmstar_coarse/mmstar_coarse_0114_std.png,mmstar_mmstar_coarse
mmstar_coarse_0115,mmstar_coarse,object,What is the dominant color in this image?,purple,brown,arbitration_dataset/images/mmstar_coarse/mmstar_coarse_0115_cf.png,arbitration_dataset/images/mmstar_coarse/mmstar_coarse_0115_std.png,mmstar_mmstar_coarse
mmstar_coarse_0116,mmstar_coarse,object,What is the dominant color in this image?,pink,orange,arbitration_dataset/images/mmstar_coarse/mmstar_coarse_0116_cf.png,arbitration_dataset/images/mmstar_coarse/mmstar_coarse_0116_std.png,mmstar_mmstar_coarse
mmstar_coarse_0117,mmstar_coarse,object,What is the dominant color in this image?,green,orange,arbitration_dataset/images/mmstar_coarse/mmstar_coarse_0117_cf.png,arbitration_dataset/images/mmstar_coarse/mmstar_coarse_0117_std.png,mmstar_mmstar_coarse
mmstar_coarse_0118,mmstar_coarse,object,What is the dominant color in this image?,brown,blue,arbitration_dataset/images/mmstar_coarse/mmstar_coarse_0118_cf.png,arbitration_dataset/images/mmstar_coarse/mmstar_coarse_0118_std.png,mmstar_mmstar_coarse
mmstar_coarse_0119,mmstar_coarse,object,What is the dominant color in this image?,pink,blue,arbitration_dataset/images/mmstar_coarse/mmstar_coarse_0119_cf.png,arbitration_dataset/images/mmstar_coarse/mmstar_coarse_0119_std.png,mmstar_mmstar_coarse
mmstar_coarse_0120,mmstar_coarse,object,What is the dominant color in this image?,red,purple,arbitration_dataset/images/mmstar_coarse/mmstar_coarse_0120_cf.png,arbitration_dataset/images/mmstar_coarse/mmstar_coarse_0120_std.png,mmstar_mmstar_coarse
mmstar_coarse_0121,mmstar_coarse,object,What is the dominant color in this image?,blue,brown,arbitration_dataset/images/mmstar_coarse/mmstar_coarse_0121_cf.png,arbitration_dataset/images/mmstar_coarse/mmstar_coarse_0121_std.png,mmstar_mmstar_coarse
mmstar_coarse_0122,mmstar_coarse,object,What is the dominant color in this image?,brown,red,arbitration_dataset/images/mmstar_coarse/mmstar_coarse_0122_cf.png,arbitration_dataset/images/mmstar_coarse/mmstar_coarse_0122_std.png,mmstar_mmstar_coarse
mmstar_coarse_0123,mmstar_coarse,object,What is the dominant color in this image?,orange,brown,arbitration_dataset/images/mmstar_coarse/mmstar_coarse_0123_cf.png,arbitration_dataset/images/mmstar_coarse/mmstar_coarse_0123_std.png,mmstar_mmstar_coarse
mmstar_coarse_0124,mmstar_coarse,object,What is the dominant color in this image?,brown,yellow,arbitration_dataset/images/mmstar_coarse/mmstar_coarse_0124_cf.png,arbitration_dataset/images/mmstar_coarse/mmstar_coarse_0124_std.png,mmstar_mmstar_coarse
mmstar_coarse_0125,mmstar_coarse,object,What is the dominant color in this image?,green,blue,arbitration_dataset/images/mmstar_coarse/mmstar_coarse_0125_cf.png,arbitration_dataset/images/mmstar_coarse/mmstar_coarse_0125_std.png,mmstar_mmstar_coarse
mmstar_coarse_0126,mmstar_coarse,object,What is the dominant color in this image?,green,blue,arbitration_dataset/images/mmstar_coarse/mmstar_coarse_0126_cf.png,arbitration_dataset/images/mmstar_coarse/mmstar_coarse_0126_std.png,mmstar_mmstar_coarse
mmstar_coarse_0127,mmstar_coarse,object,What is the dominant color in this image?,red,brown,arbitration_dataset/images/mmstar_coarse/mmstar_coarse_0127_cf.png,arbitration_dataset/images/mmstar_coarse/mmstar_coarse_0127_std.png,mmstar_mmstar_coarse
mmstar_coarse_0128,mmstar_coarse,object,What is the dominant color in this image?,blue,orange,arbitration_dataset/images/mmstar_coarse/mmstar_coarse_0128_cf.png,arbitration_dataset/images/mmstar_coarse/mmstar_coarse_0128_std.png,mmstar_mmstar_coarse
mmstar_coarse_0129,mmstar_coarse,object,What is the dominant color in this image?,yellow,blue,arbitration_dataset/images/mmstar_coarse/mmstar_coarse_0129_cf.png,arbitration_dataset/images/mmstar_coarse/mmstar_coarse_0129_std.png,mmstar_mmstar_coarse
mmstar_coarse_0130,mmstar_coarse,object,What is the dominant color in this image?,green,orange,arbitration_dataset/images/mmstar_coarse/mmstar_coarse_0130_cf.png,arbitration_dataset/images/mmstar_coarse/mmstar_coarse_0130_std.png,mmstar_mmstar_coarse
mmstar_coarse_0131,mmstar_coarse,object,What is the dominant color in this image?,red,orange,arbitration_dataset/images/mmstar_coarse/mmstar_coarse_0131_cf.png,arbitration_dataset/images/mmstar_coarse/mmstar_coarse_0131_std.png,mmstar_mmstar_coarse
mmstar_coarse_0132,mmstar_coarse,object,What is the dominant color in this image?,brown,yellow,arbitration_dataset/images/mmstar_coarse/mmstar_coarse_0132_cf.png,arbitration_dataset/images/mmstar_coarse/mmstar_coarse_0132_std.png,mmstar_mmstar_coarse
mmstar_coarse_0133,mmstar_coarse,object,What is the dominant color in this image?,brown,orange,arbitration_dataset/images/mmstar_coarse/mmstar_coarse_0133_cf.png,arbitration_dataset/images/mmstar_coarse/mmstar_coarse_0133_std.png,mmstar_mmstar_coarse
mmstar_coarse_0134,mmstar_coarse,object,What is the dominant color in this image?,orange,blue,arbitration_dataset/images/mmstar_coarse/mmstar_coarse_0134_cf.png,arbitration_dataset/images/mmstar_coarse/mmstar_coarse_0134_std.png,mmstar_mmstar_coarse
mmstar_coarse_0135,mmstar_coarse,object,What is the dominant color in this image?,yellow,blue,arbitration_dataset/images/mmstar_coarse/mmstar_coarse_0135_cf.png,arbitration_dataset/images/mmstar_coarse/mmstar_coarse_0135_std.png,mmstar_mmstar_coarse
mmstar_coarse_0136,mmstar_coarse,object,What is the dominant color in this image?,yellow,orange,arbitration_dataset/images/mmstar_coarse/mmstar_coarse_0136_cf.png,arbitration_dataset/images/mmstar_coarse/mmstar_coarse_0136_std.png,mmstar_mmstar_coarse
mmstar_coarse_0137,mmstar_coarse,object,What is the dominant color in this image?,brown,blue,arbitration_dataset/images/mmstar_coarse/mmstar_coarse_0137_cf.png,arbitration_dataset/images/mmstar_coarse/mmstar_coarse_0137_std.png,mmstar_mmstar_coarse
mmstar_coarse_0138,mmstar_coarse,object,What is the dominant color in this image?,orange,blue,arbitration_dataset/images/mmstar_coarse/mmstar_coarse_0138_cf.png,arbitration_dataset/images/mmstar_coarse/mmstar_coarse_0138_std.png,mmstar_mmstar_coarse
mmstar_coarse_0139,mmstar_coarse,object,What is the dominant color in this image?,blue,red,arbitration_dataset/images/mmstar_coarse/mmstar_coarse_0139_cf.png,arbitration_dataset/images/mmstar_coarse/mmstar_coarse_0139_std.png,mmstar_mmstar_coarse
mmstar_coarse_0140,mmstar_coarse,object,What is the dominant color in this image?,purple,brown,arbitration_dataset/images/mmstar_coarse/mmstar_coarse_0140_cf.png,arbitration_dataset/images/mmstar_coarse/mmstar_coarse_0140_std.png,mmstar_mmstar_coarse
mmstar_coarse_0141,mmstar_coarse,object,What is the dominant color in this image?,green,yellow,arbitration_dataset/images/mmstar_coarse/mmstar_coarse_0141_cf.png,arbitration_dataset/images/mmstar_coarse/mmstar_coarse_0141_std.png,mmstar_mmstar_coarse
mmstar_coarse_0142,mmstar_coarse,object,What is the dominant color in this image?,brown,yellow,arbitration_dataset/images/mmstar_coarse/mmstar_coarse_0142_cf.png,arbitration_dataset/images/mmstar_coarse/mmstar_coarse_0142_std.png,mmstar_mmstar_coarse
mmstar_coarse_0143,mmstar_coarse,object,What is the dominant color in this image?,pink,brown,arbitration_dataset/images/mmstar_coarse/mmstar_coarse_0143_cf.png,arbitration_dataset/images/mmstar_coarse/mmstar_coarse_0143_std.png,mmstar_mmstar_coarse
mmstar_coarse_0144,mmstar_coarse,object,What is the dominant color in this image?,pink,red,arbitration_dataset/images/mmstar_coarse/mmstar_coarse_0144_cf.png,arbitration_dataset/images/mmstar_coarse/mmstar_coarse_0144_std.png,mmstar_mmstar_coarse
mmstar_coarse_0145,mmstar_coarse,object,What is the dominant color in this image?,blue,orange,arbitration_dataset/images/mmstar_coarse/mmstar_coarse_0145_cf.png,arbitration_dataset/images/mmstar_coarse/mmstar_coarse_0145_std.png,mmstar_mmstar_coarse
mmstar_coarse_0146,mmstar_coarse,object,What is the dominant color in this image?,brown,orange,arbitration_dataset/images/mmstar_coarse/mmstar_coarse_0146_cf.png,arbitration_dataset/images/mmstar_coarse/mmstar_coarse_0146_std.png,mmstar_mmstar_coarse
mmstar_coarse_0147,mmstar_coarse,object,What is the dominant color in this image?,red,blue,arbitration_dataset/images/mmstar_coarse/mmstar_coarse_0147_cf.png,arbitration_dataset/images/mmstar_coarse/mmstar_coarse_0147_std.png,mmstar_mmstar_coarse
mmstar_coarse_0148,mmstar_coarse,object,What is the dominant color in this image?,yellow,brown,arbitration_dataset/images/mmstar_coarse/mmstar_coarse_0148_cf.png,arbitration_dataset/images/mmstar_coarse/mmstar_coarse_0148_std.png,mmstar_mmstar_coarse
mmstar_coarse_0149,mmstar_coarse,object,What is the dominant color in this image?,pink,brown,arbitration_dataset/images/mmstar_coarse/mmstar_coarse_0149_cf.png,arbitration_dataset/images/mmstar_coarse/mmstar_coarse_0149_std.png,mmstar_mmstar_coarse
mmstar_coarse_0150,mmstar_coarse,object,What is the dominant color in this image?,red,blue,arbitration_dataset/images/mmstar_coarse/mmstar_coarse_0150_cf.png,arbitration_dataset/images/mmstar_coarse/mmstar_coarse_0150_std.png,mmstar_mmstar_coarse
mmstar_coarse_0151,mmstar_coarse,object,What is the dominant color in this image?,brown,blue,arbitration_dataset/images/mmstar_coarse/mmstar_coarse_0151_cf.png,arbitration_dataset/images/mmstar_coarse/mmstar_coarse_0151_std.png,mmstar_mmstar_coarse
mmstar_coarse_0152,mmstar_coarse,object,What is the dominant color in this image?,brown,blue,arbitration_dataset/images/mmstar_coarse/mmstar_coarse_0152_cf.png,arbitration_dataset/images/mmstar_coarse/mmstar_coarse_0152_std.png,mmstar_mmstar_coarse
mmstar_coarse_0153,mmstar_coarse,object,What is the dominant color in this image?,green,pink,arbitration_dataset/images/mmstar_coarse/mmstar_coarse_0153_cf.png,arbitration_dataset/images/mmstar_coarse/mmstar_coarse_0153_std.png,mmstar_mmstar_coarse
mmstar_coarse_0154,mmstar_coarse,object,What is the dominant color in this image?,green,blue,arbitration_dataset/images/mmstar_coarse/mmstar_coarse_0154_cf.png,arbitration_dataset/images/mmstar_coarse/mmstar_coarse_0154_std.png,mmstar_mmstar_coarse
mmstar_coarse_0155,mmstar_coarse,object,What is the dominant color in this image?,pink,orange,arbitration_dataset/images/mmstar_coarse/mmstar_coarse_0155_cf.png,arbitration_dataset/images/mmstar_coarse/mmstar_coarse_0155_std.png,mmstar_mmstar_coarse
mmstar_coarse_0156,mmstar_coarse,object,What is the dominant color in this image?,green,blue,arbitration_dataset/images/mmstar_coarse/mmstar_coarse_0156_cf.png,arbitration_dataset/images/mmstar_coarse/mmstar_coarse_0156_std.png,mmstar_mmstar_coarse
mmstar_coarse_0157,mmstar_coarse,object,What is the dominant color in this image?,brown,orange,arbitration_dataset/images/mmstar_coarse/mmstar_coarse_0157_cf.png,arbitration_dataset/images/mmstar_coarse/mmstar_coarse_0157_std.png,mmstar_mmstar_coarse
mmstar_coarse_0158,mmstar_coarse,object,What is the dominant color in this image?,green,orange,arbitration_dataset/images/mmstar_coarse/mmstar_coarse_0158_cf.png,arbitration_dataset/images/mmstar_coarse/mmstar_coarse_0158_std.png,mmstar_mmstar_coarse
mmstar_coarse_0159,mmstar_coarse,object,What is the dominant color in this image?,pink,yellow,arbitration_dataset/images/mmstar_coarse/mmstar_coarse_0159_cf.png,arbitration_dataset/images/mmstar_coarse/mmstar_coarse_0159_std.png,mmstar_mmstar_coarse
mmstar_coarse_0160,mmstar_coarse,object,What is the dominant color in this image?,blue,orange,arbitration_dataset/images/mmstar_coarse/mmstar_coarse_0160_cf.png,arbitration_dataset/images/mmstar_coarse/mmstar_coarse_0160_std.png,mmstar_mmstar_coarse
mmstar_coarse_0161,mmstar_coarse,object,What is the dominant color in this image?,brown,yellow,arbitration_dataset/images/mmstar_coarse/mmstar_coarse_0161_cf.png,arbitration_dataset/images/mmstar_coarse/mmstar_coarse_0161_std.png,mmstar_mmstar_coarse
mmstar_coarse_0162,mmstar_coarse,object,What is the dominant color in this image?,red,blue,arbitration_dataset/images/mmstar_coarse/mmstar_coarse_0162_cf.png,arbitration_dataset/images/mmstar_coarse/mmstar_coarse_0162_std.png,mmstar_mmstar_coarse
mmstar_coarse_0163,mmstar_coarse,object,What is the dominant color in this image?,brown,orange,arbitration_dataset/images/mmstar_coarse/mmstar_coarse_0163_cf.png,arbitration_dataset/images/mmstar_coarse/mmstar_coarse_0163_std.png,mmstar_mmstar_coarse
mmstar_coarse_0164,mmstar_coarse,object,What is the dominant color in this image?,orange,brown,arbitration_dataset/images/mmstar_coarse/mmstar_coarse_0164_cf.png,arbitration_dataset/images/mmstar_coarse/mmstar_coarse_0164_std.png,mmstar_mmstar_coarse
mmstar_coarse_0165,mmstar_coarse,object,What is the dominant color in this image?,pink,blue,arbitration_dataset/images/mmstar_coarse/mmstar_coarse_0165_cf.png,arbitration_dataset/images/mmstar_coarse/mmstar_coarse_0165_std.png,mmstar_mmstar_coarse
mmstar_coarse_0166,mmstar_coarse,object,What is the dominant color in this image?,yellow,brown,arbitration_dataset/images/mmstar_coarse/mmstar_coarse_0166_cf.png,arbitration_dataset/images/mmstar_coarse/mmstar_coarse_0166_std.png,mmstar_mmstar_coarse
mmstar_coarse_0167,mmstar_coarse,object,What is the dominant color in this image?,purple,yellow,arbitration_dataset/images/mmstar_coarse/mmstar_coarse_0167_cf.png,arbitration_dataset/images/mmstar_coarse/mmstar_coarse_0167_std.png,mmstar_mmstar_coarse
mmstar_coarse_0168,mmstar_coarse,object,What is the dominant color in this image?,red,brown,arbitration_dataset/images/mmstar_coarse/mmstar_coarse_0168_cf.png,arbitration_dataset/images/mmstar_coarse/mmstar_coarse_0168_std.png,mmstar_mmstar_coarse
mmstar_coarse_0169,mmstar_coarse,object,What is the dominant color in this image?,green,orange,arbitration_dataset/images/mmstar_coarse/mmstar_coarse_0169_cf.png,arbitration_dataset/images/mmstar_coarse/mmstar_coarse_0169_std.png,mmstar_mmstar_coarse
mmstar_coarse_0170,mmstar_coarse,object,What is the dominant color in this image?,green,blue,arbitration_dataset/images/mmstar_coarse/mmstar_coarse_0170_cf.png,arbitration_dataset/images/mmstar_coarse/mmstar_coarse_0170_std.png,mmstar_mmstar_coarse
mmstar_coarse_0171,mmstar_coarse,object,What is the dominant color in this image?,purple,orange,arbitration_dataset/images/mmstar_coarse/mmstar_coarse_0171_cf.png,arbitration_dataset/images/mmstar_coarse/mmstar_coarse_0171_std.png,mmstar_mmstar_coarse
mmstar_coarse_0172,mmstar_coarse,object,What is the dominant color in this image?,pink,orange,arbitration_dataset/images/mmstar_coarse/mmstar_coarse_0172_cf.png,arbitration_dataset/images/mmstar_coarse/mmstar_coarse_0172_std.png,mmstar_mmstar_coarse
mmstar_coarse_0173,mmstar_coarse,object,What is the dominant color in this image?,brown,yellow,arbitration_dataset/images/mmstar_coarse/mmstar_coarse_0173_cf.png,arbitration_dataset/images/mmstar_coarse/mmstar_coarse_0173_std.png,mmstar_mmstar_coarse
mmstar_coarse_0174,mmstar_coarse,object,What is the dominant color in this image?,purple,orange,arbitration_dataset/images/mmstar_coarse/mmstar_coarse_0174_cf.png,arbitration_dataset/images/mmstar_coarse/mmstar_coarse_0174_std.png,mmstar_mmstar_coarse
mmstar_coarse_0175,mmstar_coarse,object,What is the dominant color in this image?,pink,orange,arbitration_dataset/images/mmstar_coarse/mmstar_coarse_0175_cf.png,arbitration_dataset/images/mmstar_coarse/mmstar_coarse_0175_std.png,mmstar_mmstar_coarse
mmstar_coarse_0176,mmstar_coarse,object,What is the dominant color in this image?,green,orange,arbitration_dataset/images/mmstar_coarse/mmstar_coarse_0176_cf.png,arbitration_dataset/images/mmstar_coarse/mmstar_coarse_0176_std.png,mmstar_mmstar_coarse
mmstar_coarse_0177,mmstar_coarse,object,What is the dominant color in this image?,green,blue,arbitration_dataset/images/mmstar_coarse/mmstar_coarse_0177_cf.png,arbitration_dataset/images/mmstar_coarse/mmstar_coarse_0177_std.png,mmstar_mmstar_coarse
mmstar_coarse_0178,mmstar_coarse,object,What is the dominant color in this image?,pink,blue,arbitration_dataset/images/mmstar_coarse/mmstar_coarse_0178_cf.png,arbitration_dataset/images/mmstar_coarse/mmstar_coarse_0178_std.png,mmstar_mmstar_coarse
mmstar_coarse_0179,mmstar_coarse,object,What is the dominant color in this image?,red,orange,arbitration_dataset/images/mmstar_coarse/mmstar_coarse_0179_cf.png,arbitration_dataset/images/mmstar_coarse/mmstar_coarse_0179_std.png,mmstar_mmstar_coarse
mmstar_coarse_0180,mmstar_coarse,object,What is the dominant color in this image?,brown,blue,arbitration_dataset/images/mmstar_coarse/mmstar_coarse_0180_cf.png,arbitration_dataset/images/mmstar_coarse/mmstar_coarse_0180_std.png,mmstar_mmstar_coarse
mmstar_coarse_0181,mmstar_coarse,object,What is the dominant color in this image?,orange,red,arbitration_dataset/images/mmstar_coarse/mmstar_coarse_0181_cf.png,arbitration_dataset/images/mmstar_coarse/mmstar_coarse_0181_std.png,mmstar_mmstar_coarse
mmstar_coarse_0182,mmstar_coarse,object,What is the dominant color in this image?,pink,blue,arbitration_dataset/images/mmstar_coarse/mmstar_coarse_0182_cf.png,arbitration_dataset/images/mmstar_coarse/mmstar_coarse_0182_std.png,mmstar_mmstar_coarse
mmstar_coarse_0183,mmstar_coarse,object,What is the dominant color in this image?,pink,blue,arbitration_dataset/images/mmstar_coarse/mmstar_coarse_0183_cf.png,arbitration_dataset/images/mmstar_coarse/mmstar_coarse_0183_std.png,mmstar_mmstar_coarse
mmstar_coarse_0184,mmstar_coarse,object,What is the dominant color in this image?,yellow,red,arbitration_dataset/images/mmstar_coarse/mmstar_coarse_0184_cf.png,arbitration_dataset/images/mmstar_coarse/mmstar_coarse_0184_std.png,mmstar_mmstar_coarse
mmstar_coarse_0185,mmstar_coarse,object,What is the dominant color in this image?,pink,blue,arbitration_dataset/images/mmstar_coarse/mmstar_coarse_0185_cf.png,arbitration_dataset/images/mmstar_coarse/mmstar_coarse_0185_std.png,mmstar_mmstar_coarse
mmstar_coarse_0186,mmstar_coarse,object,What is the dominant color in this image?,green,blue,arbitration_dataset/images/mmstar_coarse/mmstar_coarse_0186_cf.png,arbitration_dataset/images/mmstar_coarse/mmstar_coarse_0186_std.png,mmstar_mmstar_coarse
mmstar_coarse_0187,mmstar_coarse,object,What is the dominant color in this image?,brown,yellow,arbitration_dataset/images/mmstar_coarse/mmstar_coarse_0187_cf.png,arbitration_dataset/images/mmstar_coarse/mmstar_coarse_0187_std.png,mmstar_mmstar_coarse
mmstar_coarse_0188,mmstar_coarse,object,What is the dominant color in this image?,pink,red,arbitration_dataset/images/mmstar_coarse/mmstar_coarse_0188_cf.png,arbitration_dataset/images/mmstar_coarse/mmstar_coarse_0188_std.png,mmstar_mmstar_coarse
mmstar_coarse_0189,mmstar_coarse,object,What is the dominant color in this image?,orange,brown,arbitration_dataset/images/mmstar_coarse/mmstar_coarse_0189_cf.png,arbitration_dataset/images/mmstar_coarse/mmstar_coarse_0189_std.png,mmstar_mmstar_coarse
mmstar_coarse_0190,mmstar_coarse,object,What is the dominant color in this image?,red,brown,arbitration_dataset/images/mmstar_coarse/mmstar_coarse_0190_cf.png,arbitration_dataset/images/mmstar_coarse/mmstar_coarse_0190_std.png,mmstar_mmstar_coarse
mmstar_coarse_0191,mmstar_coarse,object,What is the dominant color in this image?,green,brown,arbitration_dataset/images/mmstar_coarse/mmstar_coarse_0191_cf.png,arbitration_dataset/images/mmstar_coarse/mmstar_coarse_0191_std.png,mmstar_mmstar_coarse
mmstar_coarse_0192,mmstar_coarse,object,What is the dominant color in this image?,yellow,red,arbitration_dataset/images/mmstar_coarse/mmstar_coarse_0192_cf.png,arbitration_dataset/images/mmstar_coarse/mmstar_coarse_0192_std.png,mmstar_mmstar_coarse
mmstar_coarse_0193,mmstar_coarse,object,What is the dominant color in this image?,pink,green,arbitration_dataset/images/mmstar_coarse/mmstar_coarse_0193_cf.png,arbitration_dataset/images/mmstar_coarse/mmstar_coarse_0193_std.png,mmstar_mmstar_coarse
mmstar_coarse_0194,mmstar_coarse,object,What is the dominant color in this image?,yellow,blue,arbitration_dataset/images/mmstar_coarse/mmstar_coarse_0194_cf.png,arbitration_dataset/images/mmstar_coarse/mmstar_coarse_0194_std.png,mmstar_mmstar_coarse
mmstar_coarse_0195,mmstar_coarse,object,What is the dominant color in this image?,yellow,blue,arbitration_dataset/images/mmstar_coarse/mmstar_coarse_0195_cf.png,arbitration_dataset/images/mmstar_coarse/mmstar_coarse_0195_std.png,mmstar_mmstar_coarse
mmstar_coarse_0196,mmstar_coarse,object,What is the dominant color in this image?,purple,blue,arbitration_dataset/images/mmstar_coarse/mmstar_coarse_0196_cf.png,arbitration_dataset/images/mmstar_coarse/mmstar_coarse_0196_std.png,mmstar_mmstar_coarse
mmstar_coarse_0197,mmstar_coarse,object,What is the dominant color in this image?,red,orange,arbitration_dataset/images/mmstar_coarse/mmstar_coarse_0197_cf.png,arbitration_dataset/images/mmstar_coarse/mmstar_coarse_0197_std.png,mmstar_mmstar_coarse
mmstar_coarse_0198,mmstar_coarse,object,What is the dominant color in this image?,red,blue,arbitration_dataset/images/mmstar_coarse/mmstar_coarse_0198_cf.png,arbitration_dataset/images/mmstar_coarse/mmstar_coarse_0198_std.png,mmstar_mmstar_coarse
mmstar_coarse_0199,mmstar_coarse,object,What is the dominant color in this image?,orange,pink,arbitration_dataset/images/mmstar_coarse/mmstar_coarse_0199_cf.png,arbitration_dataset/images/mmstar_coarse/mmstar_coarse_0199_std.png,mmstar_mmstar_coarse
mmstar_coarse_0200,mmstar_coarse,object,What is the dominant color in this image?,orange,brown,arbitration_dataset/images/mmstar_coarse/mmstar_coarse_0200_cf.png,arbitration_dataset/images/mmstar_coarse/mmstar_coarse_0200_std.png,mmstar_mmstar_coarse
mmstar_coarse_0201,mmstar_coarse,object,What is the dominant color in this image?,blue,brown,arbitration_dataset/images/mmstar_coarse/mmstar_coarse_0201_cf.png,arbitration_dataset/images/mmstar_coarse/mmstar_coarse_0201_std.png,mmstar_mmstar_coarse
mmstar_coarse_0202,mmstar_coarse,object,What is the dominant color in this image?,pink,orange,arbitration_dataset/images/mmstar_coarse/mmstar_coarse_0202_cf.png,arbitration_dataset/images/mmstar_coarse/mmstar_coarse_0202_std.png,mmstar_mmstar_coarse
mmstar_coarse_0203,mmstar_coarse,object,What is the dominant color in this image?,pink,brown,arbitration_dataset/images/mmstar_coarse/mmstar_coarse_0203_cf.png,arbitration_dataset/images/mmstar_coarse/mmstar_coarse_0203_std.png,mmstar_mmstar_coarse
mmstar_coarse_0204,mmstar_coarse,object,What is the dominant color in this image?,brown,orange,arbitration_dataset/images/mmstar_coarse/mmstar_coarse_0204_cf.png,arbitration_dataset/images/mmstar_coarse/mmstar_coarse_0204_std.png,mmstar_mmstar_coarse
mmstar_coarse_0205,mmstar_coarse,object,What is the dominant color in this image?,pink,blue,arbitration_dataset/images/mmstar_coarse/mmstar_coarse_0205_cf.png,arbitration_dataset/images/mmstar_coarse/mmstar_coarse_0205_std.png,mmstar_mmstar_coarse
mmstar_coarse_0206,mmstar_coarse,object,What is the dominant color in this image?,brown,yellow,arbitration_dataset/images/mmstar_coarse/mmstar_coarse_0206_cf.png,arbitration_dataset/images/mmstar_coarse/mmstar_coarse_0206_std.png,mmstar_mmstar_coarse
mmstar_coarse_0207,mmstar_coarse,object,What is the dominant color in this image?,orange,blue,arbitration_dataset/images/mmstar_coarse/mmstar_coarse_0207_cf.png,arbitration_dataset/images/mmstar_coarse/mmstar_coarse_0207_std.png,mmstar_mmstar_coarse
mmstar_coarse_0208,mmstar_coarse,object,What is the dominant color in this image?,brown,blue,arbitration_dataset/images/mmstar_coarse/mmstar_coarse_0208_cf.png,arbitration_dataset/images/mmstar_coarse/mmstar_coarse_0208_std.png,mmstar_mmstar_coarse
mmstar_coarse_0209,mmstar_coarse,object,What is the dominant color in this image?,blue,brown,arbitration_dataset/images/mmstar_coarse/mmstar_coarse_0209_cf.png,arbitration_dataset/images/mmstar_coarse/mmstar_coarse_0209_std.png,mmstar_mmstar_coarse
mmstar_coarse_0210,mmstar_coarse,object,What is the dominant color in this image?,pink,blue,arbitration_dataset/images/mmstar_coarse/mmstar_coarse_0210_cf.png,arbitration_dataset/images/mmstar_coarse/mmstar_coarse_0210_std.png,mmstar_mmstar_coarse
mmstar_coarse_0211,mmstar_coarse,object,What is the dominant color in this image?,blue,yellow,arbitration_dataset/images/mmstar_coarse/mmstar_coarse_0211_cf.png,arbitration_dataset/images/mmstar_coarse/mmstar_coarse_0211_std.png,mmstar_mmstar_coarse
mmstar_coarse_0212,mmstar_coarse,object,What is the dominant color in this image?,pink,brown,arbitration_dataset/images/mmstar_coarse/mmstar_coarse_0212_cf.png,arbitration_dataset/images/mmstar_coarse/mmstar_coarse_0212_std.png,mmstar_mmstar_coarse
mmstar_coarse_0213,mmstar_coarse,object,What is the dominant color in this image?,yellow,blue,arbitration_dataset/images/mmstar_coarse/mmstar_coarse_0213_cf.png,arbitration_dataset/images/mmstar_coarse/mmstar_coarse_0213_std.png,mmstar_mmstar_coarse
mmstar_coarse_0214,mmstar_coarse,object,What is the dominant color in this image?,blue,red,arbitration_dataset/images/mmstar_coarse/mmstar_coarse_0214_cf.png,arbitration_dataset/images/mmstar_coarse/mmstar_coarse_0214_std.png,mmstar_mmstar_coarse
mmstar_coarse_0215,mmstar_coarse,object,What is the dominant color in this image?,blue,orange,arbitration_dataset/images/mmstar_coarse/mmstar_coarse_0215_cf.png,arbitration_dataset/images/mmstar_coarse/mmstar_coarse_0215_std.png,mmstar_mmstar_coarse
mmstar_coarse_0216,mmstar_coarse,object,What is the dominant color in this image?,brown,blue,arbitration_dataset/images/mmstar_coarse/mmstar_coarse_0216_cf.png,arbitration_dataset/images/mmstar_coarse/mmstar_coarse_0216_std.png,mmstar_mmstar_coarse
mmstar_coarse_0217,mmstar_coarse,object,What is the dominant color in this image?,pink,orange,arbitration_dataset/images/mmstar_coarse/mmstar_coarse_0217_cf.png,arbitration_dataset/images/mmstar_coarse/mmstar_coarse_0217_std.png,mmstar_mmstar_coarse
mmstar_coarse_0218,mmstar_coarse,object,What is the dominant color in this image?,yellow,orange,arbitration_dataset/images/mmstar_coarse/mmstar_coarse_0218_cf.png,arbitration_dataset/images/mmstar_coarse/mmstar_coarse_0218_std.png,mmstar_mmstar_coarse
mmstar_coarse_0219,mmstar_coarse,object,What is the dominant color in this image?,green,red,arbitration_dataset/images/mmstar_coarse/mmstar_coarse_0219_cf.png,arbitration_dataset/images/mmstar_coarse/mmstar_coarse_0219_std.png,mmstar_mmstar_coarse
mmstar_coarse_0220,mmstar_coarse,object,What is the dominant color in this image?,yellow,red,arbitration_dataset/images/mmstar_coarse/mmstar_coarse_0220_cf.png,arbitration_dataset/images/mmstar_coarse/mmstar_coarse_0220_std.png,mmstar_mmstar_coarse
mmstar_coarse_0221,mmstar_coarse,object,What is the dominant color in this image?,pink,orange,arbitration_dataset/images/mmstar_coarse/mmstar_coarse_0221_cf.png,arbitration_dataset/images/mmstar_coarse/mmstar_coarse_0221_std.png,mmstar_mmstar_coarse
mmstar_coarse_0222,mmstar_coarse,object,What is the dominant color in this image?,purple,green,arbitration_dataset/images/mmstar_coarse/mmstar_coarse_0222_cf.png,arbitration_dataset/images/mmstar_coarse/mmstar_coarse_0222_std.png,mmstar_mmstar_coarse
mmstar_coarse_0223,mmstar_coarse,object,What is the dominant color in this image?,brown,blue,arbitration_dataset/images/mmstar_coarse/mmstar_coarse_0223_cf.png,arbitration_dataset/images/mmstar_coarse/mmstar_coarse_0223_std.png,mmstar_mmstar_coarse
mmstar_coarse_0224,mmstar_coarse,object,What is the dominant color in this image?,green,orange,arbitration_dataset/images/mmstar_coarse/mmstar_coarse_0224_cf.png,arbitration_dataset/images/mmstar_coarse/mmstar_coarse_0224_std.png,mmstar_mmstar_coarse
mmstar_coarse_0225,mmstar_coarse,object,What is the dominant color in this image?,brown,blue,arbitration_dataset/images/mmstar_coarse/mmstar_coarse_0225_cf.png,arbitration_dataset/images/mmstar_coarse/mmstar_coarse_0225_std.png,mmstar_mmstar_coarse
mmstar_coarse_0226,mmstar_coarse,object,What is the dominant color in this image?,green,red,arbitration_dataset/images/mmstar_coarse/mmstar_coarse_0226_cf.png,arbitration_dataset/images/mmstar_coarse/mmstar_coarse_0226_std.png,mmstar_mmstar_coarse
mmstar_coarse_0227,mmstar_coarse,object,What is the dominant color in this image?,orange,purple,arbitration_dataset/images/mmstar_coarse/mmstar_coarse_0227_cf.png,arbitration_dataset/images/mmstar_coarse/mmstar_coarse_0227_std.png,mmstar_mmstar_coarse
mmstar_coarse_0228,mmstar_coarse,object,What is the dominant color in this image?,red,blue,arbitration_dataset/images/mmstar_coarse/mmstar_coarse_0228_cf.png,arbitration_dataset/images/mmstar_coarse/mmstar_coarse_0228_std.png,mmstar_mmstar_coarse
mmstar_coarse_0229,mmstar_coarse,object,What is the dominant color in this image?,green,blue,arbitration_dataset/images/mmstar_coarse/mmstar_coarse_0229_cf.png,arbitration_dataset/images/mmstar_coarse/mmstar_coarse_0229_std.png,mmstar_mmstar_coarse
mmstar_coarse_0230,mmstar_coarse,object,What is the dominant color in this image?,green,yellow,arbitration_dataset/images/mmstar_coarse/mmstar_coarse_0230_cf.png,arbitration_dataset/images/mmstar_coarse/mmstar_coarse_0230_std.png,mmstar_mmstar_coarse
